"product_id","product_name","original_price","capacity","brand","top_note","heart_note","base_note","rating","number_of_raters","brand_id","selling_price","website_id"
41,Christian Dior Miss Dior Blooming Bouquet 淡香水套裝 2件裝,"1,474.00","2件裝",Dior,香豌豆、香檸檬,玫瑰、牡丹,白麝香,4.0,9072.0,39,949.00,1
66,Christian Dior Miss Dior Blooming Bouquet 淡香水5毫升,"115.00","5毫升",Dior,香豌豆、香檸檬,玫瑰、牡丹,白麝香,4.0,9072.0,39,98.00,1
70,Christian Dior Miss Dior Wake up for Love 香水 50毫升,"1,110.00","50毫升",Dior,鈴蘭、牡丹、鳶尾花、翠綠露水,五月玫瑰,麝香木、巴布亞香草、安息香、零陵香豆、檀木,NaN,NaN,39,749.00,1
81,Christian Dior Miss Dior Rose N Roses 淡香水 50毫升,"900.00",NaN,Dior,格拉斯和大馬士革玫瑰,意大利柑橘、佛手柑和天竺葵,白麝香,4.0,730.0,39,616.00,1
87,Christian Dior J’adore Parfum D’eau 淡香精 100毫升,"1,600.00","100毫升",Dior,NaN,NaN,NaN,4.0,317.0,39,1159.00,1
88,Christian Dior J'adore L'Or 香精 50毫升,"1,700.00","50毫升",Dior,橙花,茉莉、玫瑰,香草,NaN,NaN,39,1190.00,1
94,Christian Dior Sauvage 香精 100毫升,"1,310.00","100毫升",Dior,柑橘,陵香豆、檀香木,NaN,NaN,NaN,39,967.00,1
110,Christian Dior Miss Dior Wake up for Love 香水 5毫升,"140.00","5毫升",Dior,鈴蘭、牡丹、鳶尾花、翠綠露水,五月玫瑰,麝香木、巴布亞香草、安息香、零陵香豆、檀木,NaN,NaN,39,98.00,1
141,Christian Dior Miss Dior Rose N’Roses 淡香水 5毫升,"115.00","5毫升",Dior,格拉斯和大馬士革玫瑰,意大利柑橘、佛手柑和天竺葵,白麝香,4.0,730.0,39,98.00,1
142,Christian Dior J’adore 淡香水 100毫升,"1,300.00",NaN,Dior,血橙精華,瓦洛里橙花,大馬士革玫瑰精華,4.0,19420.0,39,928.00,1
150,Christian Dior 真我噴式香水 50亳升,"1,110.00","50亳升",Dior,NaN,NaN,NaN,NaN,NaN,39,835.00,1
206,Christian Dior 真我噴式香水 100亳升,"1,600.00","100亳升",Dior,NaN,NaN,NaN,NaN,NaN,39,1065.00,1
439,Christian Dior Miss Dior Rose N Roses 淡香水 100毫升,"1,300.00",NaN,Dior,格拉斯和大馬士革玫瑰,意大利柑橘、佛手柑和天竺葵,白麝香,4.0,730.0,39,760.00,1
500,Christian Dior J’adore Infinissime 淡香精 50毫升,"1,170.00",NaN,Dior,血橙、佛手柑,格拉斯晚香玉、雙瓣茉莉、依蘭依蘭及五月玫瑰,檀香木,3.5,225.0,39,799.00,1
2,Christian Dior Sauvage 男士淡香水 100亳升,"990.00","100亳升",Dior,卡拉布里亞佛手柑,降龍涎香,NaN,NaN,NaN,39,850.00,1
5,Christian Dior Miss Dior Blooming Bouquet 淡香水 100毫升,"1,340.00","100毫升",Dior,香豌豆、香檸檬,玫瑰、牡丹,白麝香,4.0,9072.0,39,855.00,1
212,Christian Dior J’adore Parfum D’eau 淡香精 50毫升,"1,110.00","50毫升",Dior,NaN,NaN,NaN,NaN,NaN,39,799.00,1
509,Christian Dior 迪奥小姐花漾迷你淡香水 5毫升,"115.00",NaN,Dior,西西里香橙,牡丹花,白麝香,NaN,NaN,39,98.00,1
513,Christian Dior Miss Dior Blooming Bouquet走珠淡香水 20毫升,"430.00",NaN,Dior,卡拉布里亞香檸檬,大馬士革玫瑰精華、牡丹花,白麝香,4.5,268.0,39,299.00,1
516,【網店限定】Christian Dior 甜心精靈噴式淡香水(EDT) 100毫升,"1,100.00",NaN,Dior,NaN,NaN,NaN,NaN,NaN,39,715.00,1
121,【網店限定】Hermes 屋頂花園 淡香水,"760.00","50毫升",Hermès,蘋果、香梨、玫瑰,綠草、羅勒,木蘭,NaN,NaN,17,549.00,1
124,Hermes 花園系列迷你香水套裝 4件裝,"515.00","4件裝",Hermès,青芒果、葡萄柚•中調：,尼羅河睡蓮、青草香氣•後調：,梧桐、乳香,NaN,NaN,17,437.00,1
125,Hermes 大地男性淡香水 50亳升,"800.00","50亳升",Hermès,葡萄柚、香橙,天竺葵、玫瑰、廣藿香,安息香、雪松、香根草、甜椒,NaN,NaN,17,480.00,1
131,Hermes 大地男士淡香水套裝 3件裝,"1,511.00","3件裝",Hermès,葡萄柚、橙,天竺葵、玫瑰、廣藿香,安息香、香根草、甜椒,NaN,NaN,17,669.00,1
140,Hermes Un Jardin Sur Le 淡香水套裝 3件裝,"937.00","3件裝",Hermès,青芒果、葡萄柚,尼羅河睡蓮、青草香氣,梧桐、乳香,4.5,46369.0,17,498.00,1
195,【網店限定】Hermès H24 淡香水 15毫升,"330.00","15毫升",Hermès,NaN,NaN,NaN,NaN,NaN,17,189.00,1
233,Hermes Un Jardin Sur Le Nil 淡香水套裝 3件裝,"1,340.00","3件裝",Hermès,青芒果、葡萄柚,尼羅河睡蓮、青草香氣,梧桐、乳香,4.5,46369.0,17,799.00,1
239,Hermes Terre D'hermes淡香水+沐浴露套裝 2件裝,"1,200.00","2件裝",Hermès,葡萄柚、橙,天竺葵、玫瑰、廣藿香,安息香、西洋杉、香根、甜椒,5.0,45330.0,17,699.00,1
274,【網店限定】Hermes 李先生花園淡香水 100毫升,"1,075.00","100毫升",Hermès,金桔,茉莉,薄荷,NaN,NaN,17,755.00,1
319,【網店限定】Hermes 淡香水 50毫升,"760.00","50毫升",Hermès,金橘• 中調：,茉莉、薄荷• 後調：,麝香,NaN,NaN,17,569.00,1
487,【網店限定】Hermes 屋頂花園 淡香水 100毫升,"1,090.00",NaN,Hermès,蘋果、香梨、玫瑰 中調：,綠草、羅勒後調：,木蘭,NaN,NaN,17,669.00,1
383,Hermes Un Jardin Sur Le Nil 淡香水套裝 2件裝,"1,275.00","2件裝",Hermès,青芒果,蓮花、菖蒲,槭木,4.5,46371.0,17,892.00,1
437,Hermes H24 男士淡香水 100毫升,"1,085.00",NaN,Hermès,鼠尾草,水仙、玫瑰木,Sclarene,3.5,2899.0,17,649.00,1
452,【網店限定】Hermes H24 男士淡香水套裝 2件裝,"1,015.00",NaN,Hermès,鼠尾草,水仙、玫瑰木,Sclarene,3.5,2899.0,17,668.00,1
450,【網店限定】Le Labo 抹茶淡香精 50毫升,"1,770.00",NaN,LE LABO,抹茶、奶油無花果,苦橙,香根草,NaN,NaN,43,1328.00,1
213,NaN,NaN,NaN,NaN,NaN,NaN,NaN,NaN,NaN,41,,1
144,NaN,NaN,NaN,NaN,NaN,NaN,NaN,NaN,NaN,41,,1
160,NaN,NaN,NaN,NaN,NaN,NaN,NaN,NaN,NaN,41,,1
21,Chanel N°5香水 經典 50毫升,"1,110.00","50毫升",Chanel,乙醛、橙花,玫瑰、茉莉,香草、檀香木、香根草,NaN,NaN,32,945.00,1
223,NaN,NaN,NaN,NaN,NaN,NaN,NaN,NaN,NaN,41,,1
23,Givenchy 小熊寶寶香水淡香水 50毫升,"408.00","50毫升",Givenchy,檸檬、留蘭香薄荷、檸檬草,茉莉、鈴蘭、金銀花,NaN,NaN,NaN,16,285.00,1
338,NaN,NaN,NaN,NaN,NaN,NaN,NaN,NaN,NaN,41,,1
327,NaN,NaN,NaN,NaN,NaN,NaN,NaN,NaN,NaN,41,,1
24,Chanel BLEU DE CHANEL 男士淡香水 100毫升,"990.00","100毫升",Chanel,柑橘香調、香根草、粉紅胡椒,葡萄柚、乾燥的乾雪松、勞丹脂,乳香、生薑、檀香木,4.0,5340.0,32,860.00,1
501,NaN,NaN,NaN,NaN,NaN,NaN,NaN,NaN,NaN,41,,1
28,Calvin Klein One 淡香水 200亳升,"700.00","200亳升",Calvin Klein,佛手柑、荳蔻、新鮮鳳梨、木瓜、檸檬,茉莉花、鈴蘭、玫瑰、肉荳蔻、百合、鳶尾草,麝香、琥珀、檀香、雪松、橡木苔,4.0,19341.0,65,209.00,1
31,Jo Malone 古龍水套裝 2件裝,"1,340.00","2件裝",Jo Malone,紅蘋果,牡丹,皮質香,NaN,NaN,14,735.00,1
33,Diptyque 杜桑淡香水 100亳升,"1,220.00","100亳升",Diptyque,非洲橙子花、玫瑰和鸢尾,晚香玉、粉色胡椒,安息香、麝香,NaN,NaN,59,915.00,1
34,Gucci Flora Gorgeous Gardenia 淡香精 (限量版) 100毫升,"1,320.00","100毫升",Gucci,紅莓果,白色梔子花、赤素馨花,廣藿香、黃糖香,4.0,373.0,22,700.00,1
35,Chloé 迷你香水禮盒 4件装,"465.00","4件裝",Chloé,牡丹、荔枝、小蒼蘭。,玫瑰花瓣、木蘭。,琥珀、木質香。,NaN,NaN,64,299.00,1
36,Jo Malone Wild Bluebell 藍風鈴古龍水 30毫升,"670.00","30亳升",Jo Malone,藍風鈴、丁香,茉莉、百合、玫瑰果,白琥珀、麝香,4.0,31372.0,14,375.00,1
37,Chanel 粉紅邂逅噴式淡香水 50毫升,"920.00","50毫升",Chanel,葡萄柚、榅桲(quince)帶出清新美花果香之調。,茉莉、風信子、鳶尾花將甜美優雅中帶點調皮的感覺緩緩帶出。,沉醉於溫醇白麝香、雪松、琥珀，帶出甜蜜幸福的韻味。,NaN,NaN,32,788.00,1
38,Byredo Blanche 返璞歸真香水 50毫升,"1,550.00","50毫升",Byredo,乙醛香、粉紅胡椒、白玫瑰,橙花、牡丹及紫羅蘭,金色木調、麝香及檀香木,3.5,7561.0,35,1159.00,1
39,Bvlgari Petits Et Mamans 女用淡香水噴霧 100毫升,"670.00","100毫升",Bvlgari,西裡島橙、香檸檬、巴西花梨木,向日葵、洋甘菊、玫瑰,鳶尾、香草、白桃、粉香元素,3.5,6181.0,13,469.00,1
40,【網店限定】Giorgio Armani My Way 香水 90毫升,"1,325.00","90毫升",Giorgio Armani,佛手柑、橙花,晚香玉、茉莉花,雪松、香草、白麝香,4.0,19046.0,25,880.00,1
42,【網店限定】Marc Jacobs 清甜雛菊女性淡香水 125毫升,"925.00","125毫升",Marc Jacobs,覆盆莓、紅葡萄柚、青翠綠葉、洋梨,紫蘿蘭、野生玫瑰、蘋果花、荔枝、茉莉花瓣,麝香、洋李、雪松,NaN,NaN,37,601.00,1
43,Chanel N°5香水 經典 100毫升,"1,580.00","100毫升",Chanel,乙醛、橙花,玫瑰、茉莉,香草、檀香木、香根草,NaN,NaN,32,1348.00,1
44,【網店限定】Burberry 粉紅風格淡香水 50毫升,"750.00","50亳升",Burberry,NaN,NaN,NaN,NaN,NaN,20,275.00,1
45,Bvlgari Pour Homme 男士淡香水 100毫升,"1,040.00","100毫升",Bvlgari,大吉嶺茶,愈創木、豆蔻,木質香、透明琥珀,4.5,45077.0,13,624.00,1
47,Diptyque 玫瑰之水淡香水 100毫升,"1,220.00","100毫升",Diptyque,NaN,NaN,NaN,NaN,NaN,59,879.00,1
48,Penhaligon’s Scent Library 香水套裝 10件裝,"290.00","10件裝",Penhaligon'S,NaN,NaN,NaN,NaN,NaN,15,245.00,1
49,Gucci 罪愛男士淡香水 90毫升,"1,030.00","90毫升",Gucci,檸檬、薰衣草,橙花,廣藿香,NaN,NaN,22,597.00,1
50,【網店限定】Diptyque 紙墨之水淡香水 50毫升,"800.00","50毫升",Diptyque,NaN,NaN,NaN,NaN,NaN,59,699.00,1
51,Giorgio Armani Accuq Di Giò 寄情水男士淡香水 100毫升,"720.00","100毫升",Giorgio Armani,NaN,NaN,NaN,4.0,15792.0,25,550.00,1
52,"4711 Acqua Colonia 迷你古龍水套裝 5件裝","215.00","5件裝","4711",NaN,NaN,NaN,NaN,NaN,60,109.00,1
53,Diptyque 杜桑淡香水 50亳升,"880.00","50亳升",Diptyque,非洲橙子花、玫瑰和鸢尾,晚香玉、粉色胡椒,安息香、麝香,NaN,NaN,59,660.00,1
54,【網店限定】Acqua Di Parma 藍色地中海卡拉布裡亞香檸檬淡香水 75毫升,"1,370.00","75毫升",Acqua Di Parma,清甜的香檸檬和香櫞，果香瀰漫，令人沉醉,飽滿辛辣的生薑，深沉的雪松和花香，奇異的搭配完美融合,香根草、安息香脂、麝香，清新木質香調沉澱歲月經典,NaN,NaN,31,599.00,1
55,Davidoff Cool Water 冷水男士淡香水 125毫升,"710.00","125毫升",Davidoff,薄荷、草木香調、薰衣草、香菜、迷迭香,天竺葵、橙花、茉莉、檀香,雪松、麝香、琥珀、煙草,4.0,21752.0,29,205.00,1
57,Elizabeth Arden 綠茶櫻花香水 236毫升,"139.00","236毫升",Elizabeth Arden,佛手柑、梨、粉紅胡椒,櫻花、茉莉花瓣、玉蘭,奶油香草、木質香,NaN,NaN,66,68.00,1
60,Jo Malone 鼠尾草與海鹽古龍水 30毫升,"670.00","30亳升",Jo Malone,秋葵籽,海鹽,鼠尾草,NaN,NaN,14,399.00,1
61,Jo Malone 英國梨與小蒼蘭古龍水 9毫升,"265.00","9毫升",Jo Malone,蜜瓜、香梨,小蒼蘭、玫瑰,麝香、廣藿香、琥珀、大黃,NaN,NaN,14,135.00,1
62,Chanel Gabrielle Chanel 香水 100毫升,"1,580.00","100毫升",Chanel,橘子、葡萄柚、黑醋栗。,晚香玉、茉莉、橙子花、粉色胡椒、伊蘭伊蘭、鈴蘭。,檀木、麝香、木麝香、鳶尾草。,4.0,4146.0,32,1348.00,1
63,【網店限定】Coach Floral 淡香水 30毫升,"410.00","30毫升",Coach,鳳梨、粉紅胡椒、檸檬,玫瑰、茉莉、梔子花,廣藿香、麝香、奶油木香,NaN,NaN,9,328.00,1
64,Byredo Blanche 返璞歸真香水 100毫升,"2,200.00","100毫升",Byredo,乙醛香、粉紅胡椒、白玫瑰,橙花、牡丹及紫羅蘭,金色木調、麝香及檀香木,3.5,7561.0,35,1650.00,1
65,Elizabeth Arden 白茶淡香水 100毫升,"500.00","100毫升",Elizabeth Arden,意大利甜橙、快樂鼠尾草、海洋微風香調、日本白蕨。,白茶精粹、巴拉圭馬黛茶、白鳶尾花、土耳其玫瑰、胡桃香氣。,馬德拉斯木、黃葵籽、東加豆、琥珀木、麝香。,4.0,5384.0,66,288.00,1
56,【網店限定】Hermes Un Jardin Sur Le Nil 淡香水 50亳升,"760.00","50亳升",Hermès,青芒果、葡萄柚,尼羅河睡蓮、青草香氣,梧桐、乳香,4.5,46369.0,17,549.00,1
58,【網店限定】Hermes 橘綠之泉古龍水 15毫升,"235.00","15毫升",Hermès,NaN,NaN,NaN,NaN,NaN,17,165.00,1
59,Yves Saint Laurent Y Men Fraîche 淡香水 100毫升,"770.00","100毫升",Yves Saint Laurent (YSL),檸檬、姜、薄荷、辛醇,杜松、快樂鼠尾草、天竺葵、薰衣草油,雪松、香脂杉、乳香、龍涎香,4.0,107.0,27,616.00,1
75,Calvin Klein Be 淡香水 100亳升,"510.00","100亳升",Calvin Klein,NaN,NaN,NaN,4.0,7421.0,65,155.00,1
76,Acqua di Parma 桃金娘加州桂淡香水 75毫升,"870.00","75毫升",Acqua Di Parma,桃金娘、羅勒、檸檬、香檸檬,海洋調、茉莉、玫瑰,乳香脂、杜松、雪松、琥珀,NaN,NaN,31,588.00,1
78,Loewe 001女士淡香水,"858.00","75毫升",Loewe,橘子、佛手柑,埃及茉莉、亞麻,麝香、雲呢拿香草,NaN,NaN,55,636.00,1
79,【網店限定】Jo Malone 黑莓子與月桂葉古龍水,"565.00 ~ 1,155.00",NaN,Jo Malone,葡萄柚、黑莓,月桂葉、花香調,香根草、雪松珀,NaN,NaN,14,348.00,1
82,Gucci Flora Gorgeous Jasmine香水 50ml,"965.00","50ml",Gucci,柑橘,大茉莉花、木蘭香,黃檀,3.5,1022.0,22,540.00,1
83,Jo Malone 牡丹與胭紅麂絨古龍水 9毫升,"265.00","9毫升",Jo Malone,紅蘋果,牡丹,皮質香,NaN,NaN,14,135.00,1
84,【網店限定】Burberry 粉紅風格淡香水 30亳升,"460.00","30亳升",Burberry,NaN,NaN,NaN,NaN,NaN,20,230.00,1
85,Gucci Bloom花朵盛開淡香精 100毫升,"1,320.00","100毫升",Gucci,NaN,NaN,NaN,4.0,12308.0,22,675.00,1
86,Diptyque 影中之水淡香水 50亳升,"880.00","50亳升",Diptyque,玫瑰、黑醋栗葉、黑醋栗,香檸檬、 橘子,龍涎香、麝香,NaN,NaN,59,645.00,1
15,Christian Dior Sauvage 男士淡香水 60亳升,"740.00","60亳升",Dior,卡拉布里亞佛手柑,降龍涎香,NaN,NaN,NaN,39,588.00,1
89,Issey Miyake L’Eau D’Issey Eau de Toilette 一生之水女士淡香水 100毫升,"1,060.00","100毫升",Issey Miyake,蓮花、小蒼蘭、櫻草、玫瑰,康乃馨、白色百合、牡丹,麝香、琥珀、晚香玉、檀香、柏木,4.0,56.0,51,954.00,1
90,Bvlgari Aqva Pour Homme Marine 男士淡香水 100毫升,"1,040.00","100毫升",Bvlgari,橙花﹑葡萄柚,海藻﹑綠葉精華,迷迭香﹑白雪松木,4.0,5606.0,13,540.00,1
91,Diptyque 影中之水淡香水 100亳升,"1,220.00","100亳升",Diptyque,玫瑰、黑醋栗葉、黑醋栗,香檸檬、 橘子,龍涎香、麝香,NaN,NaN,59,915.00,1
72,Hermes Un Jardin Sur Le Nil 淡香水 100毫升,"1,275.00","100毫升",Hermès,青芒果、葡萄柚中調：,尼羅河睡蓮、青草香氣後調：,梧桐、乳香,4.5,46369.0,17,765.00,1
92,【網店限定】Givenchy 小熊寶寶香水淡香水 100毫升,"465.00","100毫升",Givenchy,檸檬、留蘭香薄荷、檸檬草,茉莉、鈴蘭、金銀花,NaN,NaN,NaN,16,325.00,1
256,Chanel N°5淡香水 50毫升,"920.00","50毫升",Chanel,NaN,NaN,NaN,NaN,NaN,32,788.00,1
93,Diptyque 譚道淡香水 50毫升,"880.00","50毫升",Diptyque,玫瑰、桃金娘和意大利丝柏,檀木、雪松,香辛料、琥珀、白麝香和蔷薇木,NaN,NaN,59,660.00,1
95,Giorgio Armani Code 淡香水 75毫升,"680.00","75毫升",Giorgio Armani,青柑橘,薰衣草,零陵香豆,4.0,985.0,25,544.00,1
96,【網店限定】Acqua Di Parma 藍色地中海阿瑪非無花果淡香水 30毫升,"535.00","30毫升",Acqua Di Parma,清甜多汁的葡萄柚、香檸檬、檸檬、香櫞，果香凝聚，盪漾香甜。,微微辛辣的粉紅胡椒、茉莉、無花果，糅合剛性與柔美的香調。,NaN,NaN,NaN,31,359.00,1
97,Byredo Super Cedar 超級雪松香水 50毫升,"1,450.00","50毫升",Byredo,玫瑰花瓣,弗吉尼亞州雪松,海地香根草、麝香,4.0,23906.0,35,1159.00,1
98,Gucci Flora Gorgeous Gardenia 淡香精 (限量版) 50毫升,"965.00","50毫升",Gucci,紅莓果,白色梔子花、赤素馨花,廣藿香、黃糖香,NaN,NaN,22,540.00,1
99,【網店限定】Atelier Cologne 赤霞橘光香水 30毫升,"650.00","30毫升",Atelier Cologne,意大利血橙,中國天竺葵,澳洲檀香木,NaN,NaN,36,455.00,1
101,【網店限定】Sevaa 薰衣草複方精華油 30毫升,"550.00","30毫升",Sevaa,NaN,NaN,NaN,NaN,NaN,67,219.00,1
102,Gucci Flora Gorgeous Gardenia 淡香精套裝 2件裝,"1,320.00","2件裝",Gucci,紅莓果,白色梔子花、赤素馨花,廣藿香、黃糖香,3.5,2773.0,22,820.00,1
103,Chanel COCO MADEMOISELLE 淡香水 50毫升,"920.00","50毫升",Chanel,西西里橙、卡拉布里亞佛手柑。,晨間玫瑰、茉莉。,廣藿香、海地香根草、留尼汪香草、白麝香。,4.0,1253.0,32,788.00,1
104,Burberry 風格女性淡香精 100毫升,"1,240.00","100毫升",Burberry,NaN,NaN,NaN,NaN,NaN,20,372.00,1
77,【網店限定】Hermes 屋頂花園淡香水 15毫升,"283.00","15毫升",Hermès,NaN,NaN,NaN,NaN,NaN,17,189.00,1
80,【網店限定】Hermes 李先生花園淡香水 15毫升,"330.00","15毫升",Hermès,金桔,茉莉,薄荷,NaN,NaN,17,189.00,1
100,【網店限定】Hermes 大地男士淡香水 15毫升,"240.00","15毫升",Hermès,葡萄柚、柑橘,天竺葵、玫瑰、廣藿香,安息香、香根草、甜椒,NaN,NaN,17,189.00,1
113,【網店限定】Anna Sui 許願精靈淡香水 30毫升,"415.00","30毫升",Anna Sui,檸檬、甜瓜、萬壽菊,鳳梨、黑加倫子,白色麝香、琥珀、麝香,NaN,NaN,26,332.00,1
114,【網店限定】Maison Margiela 航海日淡香水 100毫升,"1,150.00","100毫升",Maison Margiela,海水、醛、杜松,芫菜、鳶尾花提純、玫瑰,紅海藻、龍涎香，琥珀木,NaN,NaN,61,805.00,1
115,Bvlgari Eau Parfumée Au Thé Vert 古龍水 75毫升,"825.00","75毫升",Bvlgari,佛手柑,綠茶香調,蜂蠟、零陵香豆,NaN,NaN,13,488.00,1
116,Byredo Mojave Ghost荒漠孤影香水 50毫升,"1,550.00","50毫升",Byredo,黃葵、人參果,紫羅蘭、木梨,雪松,4.0,6310.0,35,1159.00,1
117,Anna Sui 迷你淡香水套裝 5件裝,"460.00","5件裝",Anna Sui,梨子、佛手柑、粉紅胡椒,鈴蘭、玫瑰,喜瑪拉雅雪松、絲柏。,NaN,NaN,26,368.00,1
118,Narciso Rodriguez For Her淡香精 100毫升,"1,200.00","100毫升",Narciso Rodriguez,玫瑰、蜜桃。,麝香。,廣藿香、琥珀木香。,4.0,15983.0,5,1080.00,1
119,Chanel Gabrielle 嘉柏麗爾天性香水 100毫升,"1,580.00","100毫升",Chanel,輕柔甜蜜的柑橘果香調,NaN,感性迷人的木質調.,4.0,4146.0,32,1348.00,1
120,【網店限定】Acqua Di Parma 阿瑪菲無花果淡香水 150毫升,"1,590.00","150毫升",Acqua Di Parma,檸檬、葡萄柚,無花果蜜、粉紅胡椒、茉莉花瓣,無花果木、安息香,NaN,NaN,31,718.00,1
122,【網店限定】Cocod’or 經典擴香瓶 純棉花香 200毫升,"125.00","200毫升",Cocod'or,洋甘橘、清新香調,紫羅蘭、清淡花香,柔和香粉調、洗衣香,NaN,NaN,33,79.00,1
123,Diptyque 希臘無花果香調淡香水 100毫升,"1,220.00","100毫升",Diptyque,無花果葉、無花果,椰子、綠葉,雪松、木質香、無花果樹,NaN,NaN,59,915.00,1
126,【網店限定】Coach 男士淡香水 40毫升,"390.00","40毫升",Coach,綠沙梨、佛手柑、金橘,小豆蔻、香菜、天竺葵,香根草、絨面革、龍涎香,NaN,NaN,9,312.00,1
127,【網店限定】4711 青檸肉荳蔻古龍水 50毫升,"215.00","50毫升","4711",青檸,NaN,肉荳蔻,NaN,NaN,60,129.00,1
128,Chanel 可可小姐香水 100毫升,"1,580.00","100毫升",Chanel,柑橘,玫瑰、茉莉,廣藿香、香根草,NaN,NaN,32,1348.00,1
129,【網店限定】Cocod’or 經典擴香瓶 白茉莉 200毫升,"108.00","200毫升",Cocod'or,佛手柑、橙葉,白玫瑰、紫羅蘭、茉莉花,香草、紫檀、白麝香,NaN,NaN,33,79.00,1
130,【網店限定】Loewe 獨奏宣言淡香水 100毫升,"1,227.00","100毫升",Loewe,NaN,牡丹、果仁糖、棉花糖、百香果、火龍果,NaN,NaN,NaN,55,735.00,1
381,Sanrio My Melody 吊掛式香氛片 小蒼蘭 3片裝,"59.00",Melody,Sanrio,NaN,NaN,NaN,0.0,NaN,58,45.00,1
132,【網店限定】Acqua Di Parma 桃金娘加州桂淡香水 30毫升,"535.00","30毫升",Acqua Di Parma,桃金娘、羅勒、檸檬、香檸檬,海洋調、茉莉、玫瑰,乳香脂、杜松、雪松、琥珀,NaN,NaN,31,359.00,1
133,Lancome 迷你香水套裝 4件裝,"380.00","4件裝",Lancôme,檸檬、梨、粉紅胡椒,茉莉、玫瑰,香草,NaN,NaN,18,299.00,1
134,【網店限定】Gucci 罪愛男士淡香水 50毫升,"610.00","50毫升",Gucci,檸檬、薰衣草,橙花,廣藿香,NaN,NaN,22,458.00,1
135,Chanel 可可小姐香水 50毫升,"1,110.00","50毫升",Chanel,柑橘,玫瑰、茉莉,廣藿香、香根草,NaN,NaN,32,945.00,1
136,Cristiano Ronaldo CR7 Play It Cool淡香水套裝 3件裝,"605.00","3件裝",Cristiano Ronaldo CR7,佛手柑、橘子、梨,荳蔻、薰衣草、海洋成分,琥珀木、麝香,3.0,22.0,50,405.00,1
137,Versace 噴式淡香水,"880.00","90毫升",Versace,NaN,NaN,NaN,NaN,NaN,62,616.00,1
138,【網店限定】Acqua Di Parma 西西里杏樹淡香水 75毫升,"870.00","75毫升",Acqua Di Parma,西西里島杏仁、八角茴香、香檸檬、香橙,地中海杏仁、依蘭,波旁香草、香根草、雪松、白麝香、妥魯香脂,NaN,NaN,31,599.00,1
139,Bvlgari Omnia Crystalline淡香水 100毫升,"1,380.00","100毫升",Bvlgari,佛手柑、蜜柑、竹子、豐水梨,蓮花、白牡丹、山百合,琥珀、木香,4.0,5612.0,13,759.00,1
106,Hermes 橘綠之泉古龍水套裝 2件裝,"1,105.00","2件裝",Hermès,NaN,NaN,NaN,NaN,NaN,17,769.00,1
146,Chanel Chance Eau Tendre 香水 50毫升,"1,110.00","50毫升",Chanel,葡萄柚、榅桲,玫瑰、茉莉,白麝香,4.0,12404.0,32,945.00,1
147,Elizabeth Arden Fragrance 噴式淡香水 125亳升,"550.00","125亳升",Elizabeth Arden,木蘭，椴樹花，橘子，紫丁香 ，鈴蘭，香檸檬,肉荳蔻，康乃馨，晚香玉，紫羅蘭，桃子，茉莉，依蘭，玫瑰,公丁香，鳶尾花，琥珀，檀香木，香草，麝香,4.0,5384.0,66,185.00,1
148,Trussardi Uomo男性淡香水,"1,080.00","200毫升",Trussardi,醛、杜松子、薰衣草、羅勒、香菜、義大利檸檬、馬鬱蘭中調：,蜂蜜、康乃馨、肉桂、鳶尾根、香根草、雪松、玫瑰基調：,勞丹脂、皮革、熏草豆、廣藿香、麝香、橡苔、零陵香豆,3.5,422.0,63,918.00,1
151,【網店限定】Coach 淡香精 50毫升,"715.00","50毫升",Coach,覆碟葉,玫瑰,醇厚香氣,NaN,NaN,9,572.00,1
152,Cristiano Ronaldo CR7 Origins淡香水套裝 2件裝,"468.00","2件裝",Cristiano Ronaldo CR7,菠蘿雪葩、柑橘、月桂葉,咸薰衣草、天竺葵、鼠尾草,香根草、廣藿香,4.5,28.0,50,288.00,1
153,Cristiano Ronaldo CR7男士淡香水 100毫升,"610.00","100毫升",Cristiano Ronaldo CR7,佛手柑、橘子、梨。,荳蔻、薰衣草、海洋成分。,琥珀木、麝香。,3.5,41.0,50,519.00,1
154,Bvlgari Aqva Pour Homme Marine 淡香水 50毫升,"725.00","50毫升",Bvlgari,橙花、葡萄柚,蕨藻精華,白雪松,4.0,5606.0,13,388.00,1
155,Byredo 無人區玫瑰香水 100毫升,"2,200.00","100毫升",Byredo,粉紅胡椒、土耳其玫瑰,覆盆莓花、土耳其玫瑰原精,紙莎草、白琥珀,NaN,NaN,35,1650.00,1
156,【網店限定】Narciso Rodriguez For Him Bleu Noir 淡香精 100毫升,"930.00","100毫升",Narciso Rodriguez,肉荳蔻，荳蔻,麝香,烏木，雪松，香根草，琥珀,4.0,758.0,5,837.00,1
159,【網店限定】Chloé Rose Tangerine 女士淡香水 75毫升,"995.00","75毫升",Chloé,蜜橘,玫瑰,雪松、琥珀,4.0,334.0,64,796.00,1
161,Trussardi Ruby Red淡香精 90毫升,"915.00","90毫升",Trussardi,香檸檬、紅色水果、生薑,肉桂、依蘭、香草,廣藿香、濃郁香,NaN,NaN,63,598.00,1
162,Elizabeth Arden Fragrance 綠茶淡香精 100亳升,"389.00","100亳升",Elizabeth Arden,NaN,NaN,NaN,NaN,NaN,66,100.00,1
163,Burberry 迷你香水套裝 4件裝,"720.00","4件裝",Burberry,NaN,紫羅蘭、茉莉,木質調,NaN,NaN,20,398.00,1
164,【網店限定】Adopt’ 白蘭麝香淡香精 30毫升,"130.00","30毫升",adopt',佛手柑。,木蘭花。,木質香。,NaN,NaN,54,99.00,1
165,NaN,NaN,NaN,NaN,NaN,NaN,NaN,NaN,NaN,41,,1
166,【網店限定】Penhaligon’s 喬治勳爵的悲劇男士淡香精 75毫升,"2,400.00","75毫升",Penhaligon'S,白蘭地,修容皂,零陵香豆,NaN,NaN,15,1800.00,1
167,TOUS 小熊淡香水套裝 3件裝,"662.00","3件裝",Tous,紫羅蘭、黑醋栗、紫羅蘭葉、佛手柑、胡荽,白茉莉、黃牡丹、玫瑰、梔子花,白麝香、摩洛哥西洋杉木、鳶尾花,NaN,NaN,6,488.00,1
168,Elizabeth Arden Fragrance 噴式淡香水 75亳升,"440.00","75亳升",Elizabeth Arden,木蘭，椴樹花，橘子，紫丁香 ，鈴蘭，香檸檬,肉荳蔻，康乃馨，晚香玉，紫羅蘭，桃子，茉莉，依蘭，玫瑰,公丁香，鳶尾花，琥珀，檀香木，香草，麝香,NaN,NaN,66,135.00,1
169,Marc Jacobs 迷你香水套装 4件裝,"545.00","4件装",Marc Jacobs,黃水仙、火參,杏仁乳,羊絨香,3.5,447.0,37,380.00,1
170,Narciso Rodriguez Narciso Cristal 淡香精 90毫升,"1,130.00","90毫升",Narciso Rodriguez,小蒼蘭、橙花和佛手柑,麝香、白花、玫瑰和茉莉花,琥珀、喀什米爾麝香、安息香脂、白麝香,NaN,NaN,5,1017.00,1
171,NaN,NaN,NaN,NaN,NaN,NaN,NaN,NaN,NaN,41,,1
172,Narciso Rodriguez Fleur Musc 淡香精 100毫升,"1,180.00","100毫升",Narciso Rodriguez,粉紅胡椒,玫瑰、牡丹,廣藿香、琥珀、紫羅蘭,4.0,5562.0,5,1062.00,1
67,NaN,NaN,NaN,NaN,NaN,NaN,NaN,NaN,NaN,41,,1
544,【網店限定】Gucci 竹節淡香精 50毫升,"855.00",NaN,Gucci,義大利佛手柑、橙花,卡薩布蘭卡百合、依蘭依蘭,NaN,NaN,NaN,22,555.00,1
173,Mercedes-Benz Sign 男士香水 100毫升,"800.00","100毫升",Mercedes-Benz,西柚、荳蔻、蘋果、薰衣草,橙花、紫羅蘭葉,喀什米爾木、零陵香豆、廣藿香,0.0,NaN,53,629.00,1
174,Trussardi My Name 女士香水 100毫升,"1,020.00","100毫升",Trussardi,白色紫羅蘭、天芥菜,紫丁香、海芋百合,麝香、香草、龍涎香,4.0,158.0,63,867.00,1
175,Trussardi Donna Eau De Parfum 100毫升,"1,007.00","100毫升",Trussardi,柚子、檸檬,香橙花、茉莉花茶、蓮花,白色廣藿香、雪松、檀香、香子蘭,0.0,NaN,63,856.00,1
216,【網店限定】Cocod’or 純棉花香大豆蠟燭 130克,"99.00","130克",Cocod'or,NaN,NaN,NaN,NaN,NaN,33,85.00,1
176,【網店限定】Coach 男士淡香水 100毫升,"780.00","100毫升",Coach,綠沙梨、佛手柑、金橘,小豆蔻、香菜、天竺葵,香根草、絨面革、龍涎香,NaN,NaN,9,624.00,1
177,Marina De Bourbon Cristal Royal L'Eau 淡香精 100毫升,"760.00","100毫升",Marina De Bourbon,佛手柑，紫羅蘭葉，黑胡椒,荷花，含羞草，馬黛茶,檀香，木白，麝香，雪松,4.0,57.0,48,647.00,1
178,【網店限定】Montblanc Legend 男士淡香水 30毫升,"395.00","30毫升",Montblanc,薰衣草、佛手柑、山胡椒,橡苔、波馬玫瑰、天竺葵,黑香豆,3.5,1819.0,19,316.00,1
181,Salvatore Ferragamo Ferragamo 男士淡香水 5毫升,"69.00","5毫升",Salvatore Ferragamo,佛手柑、檸檬,皮革、紫羅蘭、鼠尾草,苔蘚、香根草、雪松木、麝香,NaN,NaN,8,59.00,1
180,Hermes Un Jardin Sur Le Nil 淡香水 30毫升,"565.00","30毫升",Hermès,青芒果、葡萄柚中調：,尼羅河睡蓮、青草香氣後調：,梧桐、乳香,4.5,46369.0,17,360.00,1
183,【網店限定】Burberry 駿勇之心淡香水 50毫升,"590.00","50毫升",Burberry,香檸檬,杜松子、黑胡椒,北非雪松、喜馬拉雅雪松、佛吉尼亞雪松,NaN,NaN,20,442.00,1
184,Elizabeth Arden Fragrance 綠茶淡香精 50毫升,"283.00","50毫升",Elizabeth Arden,NaN,NaN,NaN,NaN,NaN,66,86.00,1
185,Marina De Bourbon Cristal Royal Rose 女士淡香水 100亳升,"760.00","100亳升",Marina De Bourbon,玫瑰、檸檬、梨,紫羅蘭、桃、小蒼蘭,雪松、麝香、龍涎香醚,4.0,57.0,48,647.00,1
186,Chanel 粉紅邂逅噴式淡香水 100毫升,"1,290.00","100毫升",Chanel,葡萄柚、榅桲(quince)帶出清新美花果香之調。,茉莉、風信子、鳶尾花將甜美優雅中帶點調皮的感覺緩緩帶出。,沉醉於溫醇白麝香、雪松、琥珀，帶出甜蜜幸福的韻味。,NaN,NaN,32,1098.00,1
187,【網店限定】Coach Floral 淡香水 50毫升,"680.00","50毫升",Coach,鳳梨、粉紅胡椒、檸檬,玫瑰、茉莉、梔子花,廣藿香、麝香、奶油木香,NaN,NaN,9,340.00,1
188,Cristiano Ronaldo CR7 Origins淡香水 100毫升,"688.00","100毫升",Cristiano Ronaldo CR7,菠蘿雪葩、柑橘、月桂葉,咸薰衣草、天竺葵、鼠尾草,香根草、廣藿香,4.5,28.0,50,585.00,1
189,Jo Malone 英國梨與小蒼蘭滿室幽香藤枝擴香組 165毫升,"805.00","165毫升",Jo Malone,威廉梨,小蒼蘭,廣藿香,NaN,NaN,14,599.00,1
190,Trussardi Delicate Rose 淡香水 100毫升,"903.00","100毫升",Trussardi,柚子、青竹、柑橘,蓮花、茉莉花、玫瑰,柏木、檀香,3.5,416.0,63,768.00,1
191,Elizabeth Arden Fragrance 噴式淡香水 30亳升,"318.00","30亳升",Elizabeth Arden,木蘭，椴樹花，橘子，紫丁香 ，鈴蘭，香檸檬,肉荳蔻，康乃馨，晚香玉，紫羅蘭，桃子，茉莉，依蘭，玫瑰,公丁香，鳶尾花，琥珀，檀香木，香草，麝香,NaN,NaN,66,92.00,1
192,Marc Jacobs Daisy 淡香水,"685.00 ~ 885.00",NaN,Marc Jacobs,野生草莓、紫羅蘭葉、葡萄果實,梔子花心、紫羅蘭花瓣、茉莉花瓣,麝香、香草、白木,4.0,8011.0,37,445.00,1
193,Elizabeth Arden Fragrance 綠茶香氛身體乳 500毫升,"255.00","500毫升",Elizabeth Arden,NaN,NaN,NaN,4.0,11813.0,66,100.00,1
194,Chloé Signature 淡香精套裝 3件裝,"1,280.00","3件裝",Chloé,牡丹,玫瑰花瓣、玉蘭,雪松、龍涎香,NaN,NaN,64,699.00,1
196,Cristiano Ronaldo CR7 Origins淡香水套裝 3件裝,"688.00","3件裝",Cristiano Ronaldo CR7,菠蘿雪葩、柑橘、月桂葉,咸薰衣草、天竺葵、鼠尾草,香根草、廣藿香,4.5,28.0,50,585.00,1
197,【網店限定】Acqua Di Parma 帕納里加州桂淡香水 150毫升,"1,590.00","150毫升",Acqua Di Parma,桃金娘、羅勒、檸檬、柑橘,海洋調、茉莉、玫瑰,乳香純香、杜松、琥珀,NaN,NaN,31,1109.00,1
198,Byredo Gypsy Water 流浪者之歌 100毫升,"2,200.00","100毫升",Byredo,香檸檬、 檸檬、 胡椒 、杜松,焚香、 松樹、 鳶尾根,琥珀 、香草 、木香,4.0,7298.0,35,1575.00,1
199,Jaguar For Men Ultimate Power 淡香水 100毫升,"388.00","100毫升",Jaguar,檸檬精華，薄荷精華，佛手柑精華 。,生薑，綠葉，蘋果。,苔蘚，白木，廣藿香精華。,0.0,NaN,49,291.00,1
200,Marina De Bourbon My Dynastie Princess 淡香精 7.5毫升,"65.00","7.5毫升",Marina De Bourbon,檸檬、蘋果、金橘、四季橘,白玫瑰、粉色風信子,竹子、琥珀、雪松木,0.0,NaN,48,58.00,1
201,Guerlain 清翠橙花淡香水套裝 3件裝,"1,280.00","3件裝",Guerlain,橙花、岩蘭草,羅勒,無花果香調,NaN,NaN,30,768.00,1
202,【網店限定】Naturally European 玫瑰花瓣擴香瓶 100毫升,"235.00","100毫升",Naturally European,NaN,NaN,NaN,NaN,NaN,2,149.00,1
203,Coach Dreams Sunset 香水 40毫升,"465.00","40毫升",Coach,梨沙冰、香檸檬,沙巴茉莉、玉蘭,香草、零陵香豆,NaN,NaN,9,372.00,1
204,【網店限定】Cocod’or 經典擴香瓶 英國小蒼蘭 200毫升,"118.00","200毫升",Cocod'or,青檸、英國梨、蜂蜜,玫瑰、鈴蘭、小蒼蘭,琥珀、紫檀香,NaN,NaN,33,79.00,1
205,Chloé Signature 女士淡香精禮盒 2件裝,"1,160.00","2件裝",Chloé,牡丹、荔枝、小蒼蘭。,玫瑰花瓣、木蘭。,琥珀、木質香。,NaN,NaN,64,578.00,1
207,【網店限定】Rituals The Ritual Of Ayurved 香薰蠟燭 290克,"245.00","290克",Rituals,NaN,NaN,NaN,4.0,11.0,47,196.00,1
208,【網店限定】Versace Bright Crystal 淡香水套裝 2件裝,"490.00","2件裝",Versace,石榴、柚子,木蘭花、牡丹花、蓮花,琥珀、桃花木、麝香,3.5,8451.0,62,380.00,1
209,Bentley Silverlake 男士香水 100毫升,"624.00","100毫升",Bentley,檸檬、薄荷,薰衣草、胡椒、紫羅蘭,琥珀、白麝香,3.5,37.0,11,530.00,1
210,Tous LoveMe EDP淡香精,"470.00 ~ 850.00",NaN,Tous,荔枝、葡萄柚、粉紅胡椒,牡丹、玫瑰、茉莉花瓣,雪松木、羊絨、慕斯水晶,3.5,232.0,6,400.00,1
211,Marina de Bourbon Symbol For A Lady 淡香精 7.5毫升,"65.00","7.5毫升",Marina De Bourbon,柑橘、葡萄柚,茉莉、風信子、蝴蝶花,麝香、雪松、琥珀,0.0,NaN,48,58.00,1
214,【網店限定】Montblanc Legend 男士淡香水 50毫升,"520.00","50毫升",Montblanc,薰衣草、佛手柑、山胡椒,橡苔、波馬玫瑰、天竺葵,黑香豆,NaN,NaN,19,416.00,1
217,Chanel 邂逅噴式香露 綠色氣息版 50毫升,"920.00","50毫升",Chanel,NaN,NaN,NaN,NaN,NaN,32,788.00,1
218,【網店限定】4711 Original古龍水 60毫升,"205.00","60毫升","4711",NaN,NaN,NaN,NaN,NaN,60,123.00,1
221,L’OCCITANE 櫻花套裝 3件裝,"220.00","3件裝",L'OCCITANE,櫻桃、鳶尾花,櫻花、鈴蘭,花梨木、琥珀、麝香,NaN,NaN,7,158.00,1
222,Chanel Chance 香水 50毫升,"1,110.00","50毫升",Chanel,NaN,NaN,NaN,NaN,NaN,32,945.00,1
224,Marina De Bourbon Symbol For A Lady 香水 100毫升,"800.00","100毫升",Marina De Bourbon,柑橘、葡萄柚,茉莉、風信子、蝴蝶花,麝香、雪松、琥珀,0.0,NaN,48,681.00,1
225,Trussardi Donna 女士淡香精套裝 3件裝,"980.00","3件裝",Trussardi,柚子、檸檬,香橙花、茉莉花茶、蓮花,白色廣藿香、雪松、檀香、香子蘭,3.5,714.0,63,833.00,1
226,Gucci Bloom禮品套裝 2件裝,"965.00","2件裝",Gucci,茉莉。,晚香玉。,使君子。,4.0,12308.0,22,620.00,1
227,NaN,NaN,NaN,NaN,NaN,NaN,NaN,NaN,NaN,41,,1
228,NaN,NaN,NaN,NaN,NaN,NaN,NaN,NaN,NaN,41,,1
229,NaN,NaN,NaN,NaN,NaN,NaN,NaN,NaN,NaN,41,,1
230,NaN,NaN,NaN,NaN,NaN,NaN,NaN,NaN,NaN,41,,1
231,Marina De Bourbon Royal Style Princesse 淡香精 100毫升,"760.00","100毫升",Marina De Bourbon,黑醋粟，佛手柑，梨,梨花，玫瑰，茉莉花,檀香木，麝香，雪松,0.0,NaN,48,646.00,1
232,NaN,NaN,NaN,NaN,NaN,NaN,NaN,NaN,NaN,41,,1
234,Gucci Flora Gorgeous Magnolia 淡香精 100毫升,"1,320.00","100毫升",Gucci,露莓香調、甜橙香精、椰子香調•中調：,木蘭香精、沙巴茉莉原精、鈴蘭、依蘭香精•基調：,廣藿香香精、麝香、金木,3.5,438.0,22,924.00,1
235,Chanel Gabrielle Chanel 香水 50毫升,"1,110.00","50毫升",Chanel,橘子、葡萄柚、黑醋栗。,晚香玉、茉莉、橙子花、粉色胡椒、伊蘭伊蘭、鈴蘭。,檀木、麝香、木麝香、鳶尾草。,4.0,4146.0,32,945.00,1
236,Trussardi Donna 女士淡香精套裝 2件裝,"733.00","2件裝",Trussardi,柚子、檸檬,香橙花、茉莉花茶、蓮花,白色廣藿香、雪松、檀香、香子蘭,3.5,714.0,63,594.00,1
237,NaN,NaN,NaN,NaN,NaN,NaN,NaN,NaN,NaN,41,,1
238,Coach Open Road 淡香水 100毫升,"805.00","100毫升",Coach,花椒、紅蘋果、檸檬油,薰衣草、鼠尾草,香根草、廣藿香、雪松,3.5,50.0,9,644.00,1
240,【網店限定】L’OCCITANE馬鞭草身體護理套裝 3件裝,"525.00","3件裝",L'OCCITANE,NaN,NaN,NaN,NaN,NaN,7,248.00,1
241,【網店限定】Chloé 蔻依戀旅女士淡香精 50毫升,"1,065.00","50毫升",Chloé,大棗、黃香李,茉莉、小蒼蘭,木香、橡木苔,NaN,NaN,64,639.00,1
242,Coach Coach Green淡香水 100毫升,"805.00","100毫升",Coach,香檸檬、奇異果,天竺葵、迷迭香,雪松木、水晶苔蘚。,4.0,14.0,9,644.00,1
243,Salvatore Ferragamo Giungle di Seta 絕跡叢林香水 100毫升,"910.00","100毫升",Salvatore Ferragamo,豌豆,牡丹,NaN,4.0,104.0,8,819.00,1
244,Trussardi Uomo男性淡香水,"915.00","100毫升",Trussardi,醛、杜松子、薰衣草、羅勒、香菜、義大利檸檬、馬鬱蘭中調：,蜂蜜、康乃馨、肉桂、鳶尾根、香根草、雪松、玫瑰基調：,勞丹脂、皮革、熏草豆、廣藿香、麝香、橡苔、零陵香豆,3.5,422.0,63,778.00,1
245,Banana Republic Icon Collection Neroli Woods 淡香精 75毫升,"705.00","75毫升",Banana Republic,橙花、柑橘葉和椰子花蜜。,橙花、陽光元素、蛋花和牡丹。,檀香、雪松、烏木和琥珀。,NaN,NaN,12,599.00,1
246,Elizabeth Arden 白茶迷你淡香精 10毫升,"125.00","10毫升",Elizabeth Arden,義大利柑橘，海洋調協，快樂鼠尾草,茉莉花瓣，巴拉圭冬青油，升級再造玫瑰水，白茶調協,零陵香豆精油，三重麝香，琥珀木,NaN,NaN,66,59.00,1
247,Elizabeth Arden Fragrance 綠茶蜜滴舒體霜 250亳升,"220.00","250亳升",Elizabeth Arden,NaN,NaN,NaN,NaN,NaN,66,73.00,1
248,【網店限定】Rituals The Ritual of Ayurveda 香氛棒 250毫升,"355.00","250毫升",Rituals,NaN,NaN,NaN,NaN,NaN,47,285.00,1
249,【網店限定】Moschino Toy Boy 泰迪熊男士香水套裝 2件裝,"410.00","2件裝",Moschino,香檸檬、粉紅漿果、梨,公丁香、玫瑰、木蘭,香根草、檀香木、琥珀,3.5,629.0,10,328.00,1
250,【網店限定】Versace Blue Jeans淡香水 75毫升,"330.00","75毫升",Versace,柑橘、佛手柑、杜松、玫瑰、松香、天竺葵,薰衣草、紫羅蘭、茉莉、肉豆蔻,西洋杉、豌豆、鳶尾木、香草,3.5,2592.0,62,178.00,1
251,Elizabeth Arden 綠茶清蓮淡香水 100毫升,"385.00","100毫升",Elizabeth Arden,柚子、櫻花、李子,蓮花、茶、百合、桂花,樺木,NaN,NaN,66,278.00,1
252,Tous Baby Tous古龍水套裝 2件裝,"598.00","2件裝",Tous,香檸檬、柑橘、橙花油,梨、蘋果、橙花,苦橙葉,NaN,NaN,6,509.00,1
253,Montblanc Legend 男士淡香水 100毫升,"800.00","100毫升",Montblanc,薰衣草、佛手柑、山胡椒,橡苔、波馬玫瑰、天竺葵,黑香豆,3.5,1819.0,19,640.00,1
254,Halloween Man X 淡香水 125毫升,"574.00","125毫升",Halloween,荳蔻、熏衣草、檸檬油。,威士卡、礦物氣氛、肉桂皮。,零陵香豆、琥珀、焚香。,NaN,NaN,45,398.00,1
268,NaN,NaN,NaN,NaN,NaN,NaN,NaN,NaN,NaN,41,,1
255,Mercedes-Benz 限量版 Fanciful Edition 女士淡香水 90毫升,"835.00","90毫升",Mercedes-Benz,綠柑橘、檸檬,玫瑰、小蒼蘭、茉莉,琥珀木、雞蛋花、麝香、焚香,0.0,NaN,53,710.00,1
258,Salvatore Ferragamo Bright Leather 男士淡香水 100毫升,"825.00","100毫升",Salvatore Ferragamo,佛手柑、柑橘、葡萄柚,皮革、羅勒、迷迭香,廣藿香,4.0,19.0,8,618.00,1
259,Elizabeth Arden 綠茶薰衣草淡香水 100毫升,"385.00","100毫升",Elizabeth Arden,檸檬、柑橘、洋甘菊、薄荷,薰衣草、茶、木蘭,麝香,NaN,NaN,66,278.00,1
260,Moschino Cheap & Chic 淡香水套裝 2件裝,"380.00","2件裝",Moschino,NaN,NaN,NaN,4.0,2676.0,10,323.00,1
262,【網店限定】Cocod’or 永生花擴香瓶 可愛牡丹 200毫升,"138.00","200毫升",Cocod'or,白檸檬、西洋梨,紫羅蘭、牡丹、木蘭、玫瑰,白麝香、粉紅麝香,NaN,NaN,33,99.00,1
263,Elizabeth Arden 白茶香水舒體霜 400毫升,"255.00","400毫升",Elizabeth Arden,NaN,NaN,NaN,NaN,NaN,66,155.00,1
264,Banana Republic Icon Linen Vetiver Woods 淡香精 75毫升,"705.00","75毫升",Banana Republic,佛手柑、苦橙葉和小荳蔻。,鳶尾花、風信子和茉莉。,香根草、麝香、橡苔和水晶琥珀。,3.5,377.0,12,599.00,1
265,【網店限定】Cocod’or 花園薰衣草香薰 200毫升,"118.00","200毫升",Cocod'or,佛手柑、蘋果、留蘭香,薰衣草、棉花,NaN,NaN,NaN,33,79.00,1
266,Mercedes-Benz男士迷你淡香水套裝 3件裝,"197.00","3件裝",Mercedes-Benz,薄荷、鼠尾草,青蘋果、鳳梨,琥珀、廣藿香,NaN,NaN,53,168.00,1
267,Trussardi Uomo男性迷你淡香水 7毫升,"65.00","7毫升",Trussardi,醛、杜松子、薰衣草、羅勒、香菜、義大利檸檬、馬鬱蘭,蜂蜜、康乃馨、肉桂、鳶尾根、香根草、雪松、玫瑰,勞丹脂、皮革、熏草豆、廣藿香、麝香、橡苔、零陵香豆,3.5,422.0,63,55.00,1
269,Versace Bright Crystal 淡香水套裝 3件裝,"680.00","3件裝",Versace,柚子、冰爽韻調、石榴,牡丹、木蘭、蓮花,桃花心木、植物琥珀、麝香,3.5,8451.0,62,476.00,1
270,TOUS EDP 金色淘氣小熊女士香水 90毫升,"740.00","90毫升",Tous,NaN,NaN,NaN,NaN,NaN,6,629.00,1
271,Gucci Bloom花朵盛開淡香精 50毫升,"965.00","50毫升",Gucci,NaN,NaN,NaN,NaN,NaN,22,495.00,1
272,Coach Wild Rose 香水 90毫升,"990.00","90毫升",Coach,紅醋栗、佛手柑,玫瑰、茉莉花,水晶苔蘚、龍涎,3.5,27.0,9,792.00,1
273,Trussardi Pure Jasmine 淡香精 90毫升,"915.00","90毫升",Trussardi,開心果，佛手柑，橙花,茉莉花油,香草，檀香木，廣藿,NaN,NaN,63,598.00,1
275,【網店限定】Cocod’or 經典擴香瓶 黑櫻桃 200毫升,"118.00","200毫升",Cocod'or,青蘋果、黑櫻桃、柑橘,茉莉花、天芥菜、綠葉調,麝香、焦糖餅、香草奶油,NaN,NaN,33,79.00,1
276,Cristiano Ronaldo CR7男士淡香水 (C 朗同款) 100毫升,"610.00","100毫升",Cristiano Ronaldo CR7,NaN,肉桂、雪松、煙草。,琥珀、香草。,3.5,41.0,50,519.00,1
277,Elizabeth Arden Fragrance 白茶花漾甜橘淡香水 100亳升,"500.00","100亳升",Elizabeth Arden,NaN,NaN,NaN,NaN,NaN,66,288.00,1
278,Chloé Cedrus 仙境花園系列 北國雪松淡香精 50毫升,"1,105.00","50毫升",Chloé,木質香調，香根草,檀香，小荳蔻,橡樹苔,NaN,NaN,64,539.00,1
279,Swiss Army For Her Apricot Rose 淡香水 100毫升,"620.00","100毫升",Swiss Army,西柚、鼠尾草,花園玫瑰、杏子,樹莓,NaN,NaN,21,527.00,1
280,【網店限定】Adopt ’ 醉心香桃香水 30毫升,"130.00","30毫升",adopt',柑橘,桃花,白麝香,NaN,NaN,54,109.00,1
281,Salvatore Ferragamo Oceani di Seta 深海禁地香水 100毫升,"910.00","100毫升",Salvatore Ferragamo,海洋香調,木蘭花,NaN,3.5,82.0,8,819.00,1
282,Mercedes-Benz Man Bright 男士淡香精 100毫升,"785.00","100毫升",Mercedes-Benz,佛手柑、粉紅胡椒,薰衣草,雪松木、廣藿香,0.0,NaN,53,668.00,1
283,Anna Sui 築夢天馬淡香水 30毫升,"470.00","30亳升",Anna Sui,柑橘、粉色胡椒。,花香元素、覆盆子、果仁糖。,喜瑪拉雅雪松、絲柏。,NaN,NaN,26,263.00,1
284,Burberry 倫敦女士淡香精,"470.00 ~ 1,160.00",NaN,Burberry,薔薇、克萊門氏小柑橘、忍冬,牡丹、大溪地花朵、茉莉,檀香、麝香、廣霍香,NaN,NaN,20,220.00,1
285,Cristiano Ronaldo CR7 Play It Cool 淡香水套裝 2件裝,"468.00","2件裝",Cristiano Ronaldo CR7,佛手柑、橘子、梨,荳蔻、薰衣草、海洋成分,琥珀木、麝香,3.0,22.0,50,299.00,1
286,Salvatore Ferragamo Storie Di Seta Cieli Di Seta 淡香精 100毫升,"910.00","100毫升",Salvatore Ferragamo,黑胡椒油,藍莓,馥鬱香,4.0,11.0,8,819.00,1
287,Versace 噴式淡香水 50毫升,"680.00","50毫升",Versace,NaN,NaN,NaN,NaN,NaN,62,476.00,1
288,Moschino Toy 2 女士淡香精套裝 2件裝,"410.00","2件裝",Moschino,青蘋果、玉蘭、柑橘,白醋栗、牡丹、茉莉,雪松、麝香、琥珀,3.5,1105.0,10,349.00,1
289,Versace Bright Crystal 淡香水套裝 2件裝,"490.00","2件裝",Versace,石榴、柚子,木蘭花、牡丹花、蓮花,"琥珀、桃花木、麝香""",3.5,8451.0,62,417.00,1
290,Issey Miyake A Drop D’issey Eau de Partum Fraiche淡香精 90毫升,"1,120.00","90毫升",Issey Miyake,雨滴氣息香調,丁香花香調,檀香調,NaN,NaN,51,1008.00,1
291,Guess Bella Vita 淡香精 100毫升,"742.00","100毫升",Guess,檸檬、黑醋栗、黑櫻桃,晚香玉、香草蘭、茉莉花,NaN,3.5,96.0,34,631.00,1
292,TOUS Your Powers女士淡香水 90毫升,"600.00","90毫升",Tous,"橙, 蘋果, 橘子、梨子",覆盆子、玫瑰、茉莉、檀木,香草、琥珀、麝香、廣藿香、椰子,0.0,NaN,6,398.00,1
293,Mercedes-Benz 男士淡香水 100毫升,"750.00","100毫升",Mercedes-Benz,梨、黃葵,老鸛草、雪松,橡木苔、黑檀紅木,4.0,53.0,53,597.00,1
294,Jaguar Classic Motion 黑爵男士香水 100毫升,"448.00","100毫升",Jaguar,橘子、青蘋果、柑橘,小荳蔻、紅茶、天竺葵,青苔、檀香、麝香,0.0,NaN,49,380.00,1
295,Moschino Toy2 Pearl 淡香精 30毫升,"430.00","30毫升",Moschino,檸檬，檸檬雪葩，牛至草,茉莉，小蒼蘭，流沙香調,麝香，柏樹，香根草,3.5,1105.0,10,344.00,1
298,Tous More More Pink香水 90毫升,"850.00","90毫升",Tous,粉紅胡椒，梨，佛手柑,粉紅石榴，粉紅蘭花，鳶尾花,粉紅麝香，紅糖，琥珀,0.0,NaN,6,398.00,1
299,【網店限定】Cocod’or 煙熏香草及檀香白標藤條香熏 200毫升,"125.00","200毫升",Cocod'or,NaN,NaN,NaN,NaN,NaN,33,99.00,1
300,Jaguar Classic Electric Sky 淡香水 100毫升,"448.00","100毫升",Jaguar,葡萄柚、紫羅蘭葉、胡椒,鼠尾草、天竺葵、薰衣草,琥珀、零陵香豆、橡苔,0.0,NaN,49,380.00,1
301,Mercedes-Benz Man Intense 男士淡香水 100毫升,"785.00","100毫升",Mercedes-Benz,梨子,天竺葵,苔蘚,0.0,NaN,53,668.00,1
302,Banana Republic Icon Collection 78 Vintage Green 淡香精 75毫升,"705.00","78 Vintage Green",Banana Republic,佛手柑、綠葉、柑橘,玉蘭、茉莉、綠茶、無花果,香根草,4.0,438.0,12,599.00,1
303,Trussardi Uomo男士淡香水套裝 3件裝,"980.00","2件裝",Trussardi,檸檬、白鬆香、肉豆蔻,鼠尾草、天竺葵、紫羅蘭葉,廣藿香、皮革、苔蘚韻調,3.5,422.0,63,698.00,1
304,Moschino Toy 2 Bubble Gum 女士淡香水套裝 2件裝,"380.00","2件装",Moschino,泡泡糖、柑橘蜜餞、意大利香橙、肉桂、黑加侖子,薑粉、保加利亞玫瑰、香桃、桃花,雪松木、龍涎香醚、麝香,3.5,178.0,10,323.00,1
305,Salvatore Ferragamo Intense Leather 男士淡香精 5毫升,"69.00","5毫升",Salvatore Ferragamo,橘子、粉紅胡椒、鼠尾草,蘋果、鳶尾花,橡木苔、皮革,3.5,17.0,8,59.00,1
306,Versace 落日夢曲女士淡香精 30毫升,"600.00","30毫升",Versace,苦橙、梨汁,紫色小蒼蘭,龍涎酮、雪松,NaN,NaN,62,450.00,1
307,Abercrombie & Fitch Authentic Self 淡香精 100毫升,"889.00","100毫升",Abercrombie & Fitch,檸檬皮、紅醋栗、梨,茉莉花瓣、玉蘭,木質香,0.0,NaN,57,756.00,1
308,Hollister Canyon Sky For Her 香水 100毫升,"447.00","100毫升",Hollister,紅莓、紅醋栗、佛手柑,天芥菜、牡丹、橙花,檀香木、果仁糖、麝香,0.0,NaN,4,380.00,1
310,【網店限定】Diptyque 紫羅蘭香氛蠟燭 190克,"550.00","190克",Diptyque,NaN,NaN,NaN,NaN,NaN,59,412.00,1
311,Moschino Toy Boy 泰迪熊男士淡香精套裝 2件裝,"410.00","2件裝",Moschino,香檸檬、粉紅漿果、梨,公丁香、玫瑰、木蘭,香根草、檀香木、琥珀,3.5,629.0,10,349.00,1
312,Cristiano Ronaldo CR7 Fearless男士淡香水 100毫升,"688.00","100毫升",Cristiano Ronaldo CR7,蘋果，紫羅蘭葉，葡萄柚，月桂葉，煥顏草,肉荳蔻，天竺葵，紫羅蘭,零陵香豆，香草，岩薔薇,3.5,41.0,50,585.00,1
313,Salvatore Ferragamo Bright Leather 男士淡香水 5毫升,"69.00","5毫升",Salvatore Ferragamo,佛手柑、柑橘、葡萄柚,皮革、羅勒、迷迭香,廣藿香,4.0,19.0,8,59.00,1
314,Byredo 初生玫瑰淡香精 50毫升,"1,550.00","50毫升",Byredo,黃葵籽、四川花椒,大馬士革玫瑰、鳶尾花,麝香、龍涎香醚,NaN,NaN,35,1159.00,1
315,【網店限定】Cocod’or 法國薰衣草大豆蠟燭 130克,"99.00","130克",Cocod'or,NaN,NaN,NaN,NaN,NaN,33,85.00,1
316,【網店限定】Naturally European 生薑青檸香薰蠟燭 200克,"198.00","200克",Naturally European,NaN,NaN,NaN,NaN,NaN,2,129.00,1
317,Trussardi Trussardi淡香精 EDP 90毫升,"915.00","90毫升",Trussardi,義大利橘子、橙花、番茄香調,茉莉、白色大麗花、薰衣草,麂皮絨、廣藿香、紫羅蘭,NaN,NaN,63,598.00,1
318,Mercedes-Benz Select Day 男士淡香水 100毫升,"750.00","100毫升",Mercedes-Benz,柑橘,鼠尾草,雪松,4.0,14.0,53,638.00,1
320,Versace Dylan Turquoise 淡香水套裝 2件套,"490.00","2件裝",Versace,蜜柑香精、檸檬原生香精、粉紅胡椒,黑加侖、花蕾淨油、茉莉花花瓣、小蒼蘭、芭樂,千龍木、木質調,4.0,465.0,62,417.00,1
321,Elizabeth Arden 白茶山薑百合淡香水 100毫升,"500.00","100ml",Elizabeth Arden,佛手柑、橙花、柑橘,薑百合、紫羅蘭葉、白茶,香豆,NaN,NaN,66,408.00,1
322,Trussardi Pure Jasmine 迷你淡香精 7毫升,"65.00","7毫升",Trussardi,開心果，佛手柑、橙花,茉莉花油、玉蘭花、 mugane,香草、檀香、廣藿香,3.5,25.0,63,55.00,1
323,【網店限定】Cocod’or 香氛蠟燭 140克 蜜桃,"75.00",蜜桃,Cocod'or,NaN,NaN,NaN,NaN,NaN,33,52.00,1
324,Versace 落日夢曲女士淡香精 100毫升,"1,050.00","100毫升",Versace,苦橙、梨汁,紫色小蒼蘭,龍涎酮、雪松,NaN,NaN,62,788.00,1
325,Salvatore Ferragamo Signorina Libera 淡香精 100毫升,"1,050.00","100毫升",Salvatore Ferragamo,絲絨梨子、卡拉布里亞佛手柑、欖香,義大利鳶尾脂、玫瑰原精油、李子花蜜,羊絨木、降龍涎醚、粉紅糖香,0.0,NaN,8,945.00,1
326,【網店限定】Cocod’or 香氛蠟燭 140克 玫瑰花茶,"78.00",玫瑰花茶,Cocod'or,NaN,NaN,NaN,NaN,NaN,33,52.00,1
328,【網店限定】Melvita 有機百里香蜂蜜抗敏潤膚霜 175毫升,"260.00","175毫升",Melvita,NaN,NaN,NaN,NaN,NaN,1,195.00,1
329,【網店限定】Foellie 私密處護理香氛香水 性感茉莉 5毫升,"70.00","5毫升",Foellie,NaN,NaN,NaN,NaN,NaN,44,60.00,1
330,Chanel 邂逅噴式淡香水 100毫升,"1,290.00","100毫升",Chanel,風信子、白麝香,粉紅胡椒、茉莉、香根草、柑橘,鳶尾花、琥珀、廣藿香,NaN,NaN,32,1048.00,1
331,Mercedes-Benz Fresh 男士淡香水 100毫升,"785.00","100毫升",Mercedes-Benz,佛手柑、青蘋果、梨子,鼠尾草、白茶、雪松,癒創木、麝香、龍涎香醚,NaN,NaN,53,668.00,1
332,【網店限定】Naturally European 生薑青檸擴香瓶 100毫升,"235.00","100毫升",Naturally European,NaN,NaN,NaN,NaN,NaN,2,149.00,1
333,L’OCCITANE 乳木果潤膚露 250毫升,"250.00","250毫升",L'OCCITANE,NaN,NaN,NaN,NaN,NaN,7,160.00,1
334,Elizabeth Arden 綠茶櫻花淡香水 100毫升,"389.00","100毫升",Elizabeth Arden,甜杏仁、佛手柑精華、柑橘精華,白櫻花、綠茶、沙巴茉莉、白牡丹葉,黃葵、白樺、麝香,4.0,11813.0,66,278.00,1
335,Tous Man Sport 自我本色男性淡香水 100毫升,"650.00","100毫升",Tous,雪松、檸檬、醛香,薑、青蘋果、馬鞭草,大西洋香柏木、喀什米爾麝香、橡樹苔,4.0,121.0,6,553.00,1
336,Trussardi 尊爵男性淡香水 100毫升,"924.00","100毫升",Trussardi,意大利檸檬、海洋氣息、白松香、絲柏中調：,鳶尾花、梅子、紫羅蘭葉基調：,廣藿香、香根草、皮革,NaN,NaN,63,786.00,1
337,Cristiano Ronaldo CR7 GAME ON 男士淡香水 100毫升,"610.00","100毫升",Cristiano Ronaldo CR7,番木瓜、香脆蘋果、小荳寇碎冰,埃萊米、紫羅蘭露、杜松子、薰衣草,甜東卡豆、羊絨木、香柏木、癒創木,2.5,11.0,50,519.00,1
339,Salvatore Ferragamo Intense Leather 男士淡香精套裝 3件裝,"921.00","3件裝",Salvatore Ferragamo,橘子、粉紅胡椒、鼠尾草,蘋果、鳶尾,橡木苔、皮革,3.5,17.0,8,783.00,1
384,NaN,NaN,NaN,NaN,NaN,NaN,NaN,NaN,NaN,41,,1
340,Jaguar Era淡香水 100毫升,"548.00","100毫升",Jaguar,檸檬、橘子、佛手柑,莫吉托、天竺葵、薰衣草、小荳蔻、菠蘿、茴香、胡椒,檀香、麝香、廣藿香、弗吉尼亞雪松、琥珀,0.0,NaN,49,465.00,1
341,Tous Love Me The Onyx 香精 50毫升,"690.00","50毫升",Tous,牡丹、榛子、葡萄柚,黑蘭花,香草、香根草,NaN,NaN,6,488.00,1
342,Skybottle 白玫瑰香氛保濕身體乳 300毫升,"208.00","300毫升",Skybottle,NaN,NaN,NaN,NaN,NaN,56,160.00,1
343,Naturally European 乳香鼠尾草香薰及蠟燭套裝 2件裝,"138.00","2件裝",Naturally European,NaN,NaN,NaN,NaN,NaN,2,78.00,1
344,Elizabeth Arden 綠茶荔枝青檸淡香水 100毫升,"389.00","100毫升",Elizabeth Arden,柑橘、墨西哥青檸、荔枝,埃及天竺葵、玉蘭,綠茶、瑪黛茶,NaN,NaN,66,278.00,1
345,Versace Dylan Turquois 淡香水,"490.00 ~ 880.00",NaN,Versace,柑橘、檸檬、粉紅胡椒,番石榴、黑加侖子、茉莉花瓣、小蒼蘭,千龍木、木香、麝香,NaN,NaN,62,368.00,1
346,L’OCCITANE 乳木果柔香潤膚露 250毫升,"270.00","250毫升",L'OCCITANE,NaN,NaN,NaN,NaN,NaN,7,178.00,1
347,Tous Tous Gold 淡香精套裝 3件裝,"780.00","3件装",Tous,牡丹、橙,蝴蝶花、紅木,玫瑰木、麝香、鳶尾花及雪松木,NaN,NaN,6,663.00,1
348,Elizabeth Arden 白茶淡香水 100毫升,"500.00","100毫升",Elizabeth Arden,血橙、柑橘精油、佛手柑、冬梨,鈴蘭、睡蓮、山谷,零陵香豆，琥珀，木質香,4.0,5384.0,66,288.00,1
349,【網店限定】Abercrombie & Fitch Away 女士香水套裝 2件裝,"480.00","2件裝",Abercrombie & Fitch,NaN,NaN,NaN,0.0,NaN,57,403.00,1
350,【網店限定】Versace Dylan Turquois 淡香水套裝 2件裝,"490.00","2件裝",Versace,NaN,NaN,NaN,NaN,NaN,62,380.00,1
351,【網店限定】Aromas Artesanales de Antigua 薰衣草香薰及蠟燭套裝 2件裝,"235.00","2件裝",Aromas Artesanales De Antigua,NaN,NaN,NaN,NaN,NaN,24,128.00,1
352,【網店限定】Cocod’or 經典擴香瓶 玫瑰香水 200毫升,"118.00","200毫升",Cocod'or,蘋果、芒果、嫩葉香調,格拉斯玫瑰、清新香調、荷花,白松香、紫檀、麝香,NaN,NaN,33,79.00,1
353,Moschino Toy2 Pearl 淡香精 100毫升,"820.00","100毫升",Moschino,檸檬，檸檬雪葩，牛至草,茉莉，小蒼蘭，流沙香調,麝香，柏樹，香根草,3.5,1105.0,10,656.00,1
354,Tous 經典女士淡香水套裝 3件裝,"662.00","3件裝",Tous,紫羅蘭、黑醋栗、紫羅蘭葉、佛手柑、芫荽,茉莉花、黃牡丹、玫瑰、梔子花,白麝香、木質香、鳶尾花,NaN,NaN,6,563.00,1
355,【網店限定】Cocod’or 白茉莉白標藤條香薰 200毫升,"125.00","200毫升",Cocod'or,佛手柑、橙葉,茉莉花、白玫瑰、紫羅蘭,香草、紫檀,NaN,NaN,33,99.00,1
356,Banana Republic Icon Collection Peony & Peppercorn 淡香精 75毫升,"822.00",Peony Peppercom,Banana Republic,粉紅胡椒、佛手柑,粉紅色牡丹、玫瑰花瓣,開司米木,3.5,51.0,12,699.00,1
357,【網店限定】Cocod’or 海洋系列清新微風香薰 200毫升,"125.00","200毫升",Cocod'or,柑橘、檸檬,百合、洗衣香、天芥香,香草,NaN,NaN,33,99.00,1
358,Salvatore Ferragamo Storie Di Seta Foreste di Seta 淡香精 100毫升,"910.00","100毫升",Salvatore Ferragamo,鼠尾草,堅果,香根草油,0.0,NaN,8,819.00,1
359,Cristiano Ronaldo CR7 Play It Cool身體噴霧 150毫升,"110.00","150毫升",Cristiano Ronaldo CR7,佛手柑、橘子、梨,荳蔻、薰衣草、海洋成分,琥珀木、麝香,3.0,22.0,50,90.00,1
360,Mercedes-Benz Man Blue 男士迷你淡香水 5毫升,"68.00","5毫升",Mercedes-Benz,胡椒，柑橘，佛手柑。,熏衣草，廣藿香，東卡豆。,香根草，琥珀。,0.0,NaN,53,58.00,1
361,Anna Sui 綺幻飛行淡香水 5毫升,"62.00","5毫升",Anna Sui,NaN,NaN,NaN,NaN,NaN,26,59.00,1
362,【網店限定】Cocod’or 水香皂黑金香薰 200毫升,"145.00","200毫升",Cocod'or,青檸,紫羅蘭、玫瑰,檀香,NaN,NaN,33,129.00,1
363,【網店限定】Aromas Artesanales de Antigua 橙花香薰及蠟燭套裝 2件裝,"235.00","2件裝",Aromas Artesanales De Antigua,NaN,NaN,NaN,NaN,NaN,24,128.00,1
364,Banana Republic Icon Gardenia & Cardamom Woods 淡香精 75毫升,"822.00","75毫升",Banana Republic,栀子花和橘子。,晚香玉，小豆蔻，茉莉， 依蘭， 木蘭，康乃馨和玫瑰。,琥珀和木質香。,NaN,NaN,12,699.00,1
365,Tous LoveMe The Emerald Elixir香水 50毫升,"690.00","50毫升",Tous,梨、甜橙、葡萄柚,茉莉、金銀花、紫羅蘭,廣藿香、香草,NaN,NaN,6,488.00,1
366,Anna Sui 許願精靈迷你淡香水 5毫升,"62.00","5毫升",Anna Sui,檸檬、桃子、哈密瓜,黑加侖子、鳳梨,橡木、白琥珀、木質香,NaN,NaN,26,59.00,1
367,【網店限定】Cocod’or 香氛蠟燭 140克 純棉花香,"78.00",純棉花香,Cocod'or,NaN,NaN,NaN,NaN,NaN,33,52.00,1
368,【網店限定】Cocod’or Aqua Savon 白標藤條香薰 200毫升,"125.00","200毫升",Cocod'or,NaN,NaN,柑橘、木香,NaN,NaN,33,99.00,1
369,Mercedes-Benz Sign Your Attitude男士淡香水 100毫升,"800.00","100毫升",Mercedes-Benz,佛手柑、柑橘、生薑,薰衣草、柏樹、肉桂、肉豆蔻,琥珀木,0.0,NaN,53,680.00,1
372,Trussardi Pure Jasmine 淡香精套裝 2件裝,"676.00","2件裝",Trussardi,開心果，佛手柑，橙花,茉莉花油,香草，檀香木，廣藿,3.5,25.0,63,508.00,1
373,【網店限定】Cocod’or 經典擴香瓶 可愛牡丹 200毫升,"117.00","200毫升",Cocod'or,白檸檬、西洋梨,玫瑰、木蘭、紫羅蘭、牡丹,粉香,NaN,NaN,33,79.00,1
374,L’OCCITANE 玫瑰潤膚露 250毫升,"260.00","250毫升",L'OCCITANE,NaN,NaN,NaN,NaN,NaN,7,160.00,1
375,Tous Gold 濃香氛 30毫升,"490.00","30毫升",Tous,NaN,NaN,NaN,NaN,NaN,6,417.00,1
376,【網店限定】Cocod’or 檸檬香薰 100毫升,"94.00","100毫升",Cocod'or,檸檬、檸檬皮、青檸,薄荷、桉樹,苔蘚、常青樹、泥土香,NaN,NaN,33,60.00,1
377,Eleanor 牡丹與麂絨潤膚乳霜 280克,"285.00","280克",Eleanor,NaN,NaN,NaN,NaN,NaN,52,228.00,1
378,Salvatore Ferragamo 菲凡之旅男士淡香水 100 毫升,"690.00","100毫升",Salvatore Ferragamo,粉紅胡椒、柑橘皮、檸檬花,海洋香、薑、豆蔻,香根草、白雪松、麝香,NaN,NaN,8,587.00,1
379,TOUS Touch The Luminous Gold淡香氛(清新芬芳花香調) 30毫升,"540.00","30毫升",Tous,檸檬、桂花、黑醋果、粉紅胡椒,晚香玉、玫瑰、茉莉、蓮花,奶油木、天鵝絨,3.0,26.0,6,248.00,1
380,Marina De Bourbon Symbol For A Lady淡香精套裝 2件裝,"820.00","2件裝",Marina De Bourbon,柑橘、葡萄柚,茉莉、風信子、蝴蝶花,麝香、雪松、琥珀,0.0,NaN,48,598.00,1
382,Tous Man Sport 男士淡香水套裝 2件裝,"690.00","2件裝",Tous,雪松、檸檬、醛香,薑、青蘋果、馬鞭草,大西洋香柏木、喀什米爾麝香、橡樹苔,4.0,121.0,6,587.00,1
385,Abercrombie & Fitch Authentic Self 男士香水 100毫升,"889.00","100毫升",Abercrombie & Fitch,絲柏，中國生薑，危地馬垃荳蔻,小蒼蘭，紫羅蘭，埃及天竺葵,馬達加斯香草，巴西零陵香 豆，加弗吉尼亞雪松,0.0,NaN,57,756.00,1
386,【網店限定】Aromas Artesanales de Antigua 白茉莉香薰及蠟燭套裝 2件裝,"235.00","2件裝",Aromas Artesanales De Antigua,NaN,NaN,NaN,NaN,NaN,24,128.00,1
387,【網店限定】Cocod’or 薰衣草香薰 100毫升,"94.00","100毫升",Cocod'or,佛手柑、蘋果、依蘭香,棉花、薰衣草,麝香,NaN,NaN,33,60.00,1
388,Urban Rituelle 植物保濕潤膚乳 柑桔羅勒 500毫升,"328.00","500毫升",Urban Rituelle,NaN,NaN,NaN,NaN,NaN,46,160.00,1
389,adopt' 清悠白茶淡香精 30毫升,"130.00","30毫升",adopt',白茶、葡萄柚、柳丁。,鳶尾花、玫瑰、胡椒。,琥珀、木質香。,NaN,NaN,54,99.00,1
390,Banana Republic Icon Collection Metal Rain 淡香精 75毫升,"822.00",Metal Rain,Banana Republic,羅勒、檸檬、紫羅蘭葉、黑醋栗,薰衣草、綠茶、松香 • 基調：,羊絨森林,NaN,NaN,12,699.00,1
391,Tous LoveMe 淡香精套裝 3件裝,"900.00","3件装",Tous,荔枝、葡萄柚、粉紅胡椒,牡丹、玫瑰、茉莉花瓣,雪松木、羊絨、慕斯水晶,3.5,232.0,6,765.00,1
392,Swiss Army For Her Lilac Jasmine 淡香水 100毫升,"620.00","100毫升",Swiss Army,黑莓,阿爾卑斯茉莉,廣藿香、木質香,NaN,NaN,21,527.00,1
393,Salvatore Ferragamo 假期限定版Signorina香水 50毫升,"800.00","50毫升",Salvatore Ferragamo,粉紅胡椒、黑醋栗,玫瑰、茉莉、牡丹,意式奶酪、麝香、廣藿香,NaN,NaN,8,598.00,1
394,Skybottle 星夜依蘭香氛保濕身體乳 300毫升,"208.00","300毫升",Skybottle,NaN,NaN,NaN,NaN,NaN,56,160.00,1
395,【網店限定】Cocod’or 香脂雪松白標藤條香薰 200毫升,"125.00","200毫升",Cocod'or,NaN,NaN,NaN,NaN,NaN,33,99.00,1
396,【網店限定】Cocod’or 日落玫瑰白標藤條香熏 200毫升,"125.00","200毫升",Cocod'or,NaN,NaN,NaN,NaN,NaN,33,99.00,1
397,【網店限定】Cocod’or 黑櫻桃香薰 100毫升,"94.00","100毫升",Cocod'or,青蘋果、柑橘,無花果葉、黑櫻桃,奶油、天芥菜、麝香,NaN,NaN,33,65.00,1
398,Elizabeth Arden 綠茶油桃花淡香水 100毫升,"385.00","100毫升",Elizabeth Arden,桃子、綠茶、異國水果、佛手柑,油桃、綠茶、油桃花,馥鬱香,NaN,NaN,66,278.00,1
399,Mercedes-Benz Man男士淡香水套裝 2件裝,"680.00","2件裝",Mercedes-Benz,梨子、麝香錦葵,天竺葵、雪松葉,苔蘚、花梨木,NaN,NaN,53,578.00,1
400,NaN,NaN,NaN,NaN,NaN,NaN,NaN,NaN,NaN,41,,1
401,Marina De Bourbon My Dynastie Princess 淡香精套裝 2件裝,"560.00","2件裝",Marina De Bourbon,卡拉曼西檸檬皮、竹葉、青蘋果,百合、白玫瑰、風信子、茉莉,雪松、琥珀、白麝香,0.0,NaN,48,368.00,1
402,Elizabeth Arden 白茶生薑百合身體霜 400毫升,"255.00","400毫升",Elizabeth Arden,NaN,NaN,NaN,NaN,NaN,66,159.00,1
403,Trussardi Pure Jasmine 淡香精套裝 3件裝,"680.00","3件裝",Trussardi,開心果，佛手柑，橙花,茉莉花油,"香草，檀香木，廣藿""",3.5,25.0,63,508.00,1
404,NaN,NaN,NaN,NaN,NaN,NaN,NaN,NaN,NaN,41,,1
405,Tous LoveMe The Sliver香精 50毫升,"690.00","50毫升",Tous,柑橘、梨子、桃子,茉莉、玫瑰、晚香玉,琥珀,0.0,NaN,6,587.00,1
406,【網店限定】Aromas Artesanales de Antigua 薰衣草身體霜 130毫升,"106.00","130毫升",Aromas Artesanales De Antigua,NaN,NaN,NaN,NaN,NaN,24,58.00,1
407,【網店限定】Cocod’or 黑櫻桃大豆蠟燭 130克,"99.00","130克",Cocod'or,NaN,NaN,NaN,NaN,NaN,33,85.00,1
408,Urban Rituelle 植物保濕潤膚乳 檸檬草 500毫升,"328.00","500毫升",Urban Rituelle,NaN,NaN,NaN,NaN,NaN,46,160.00,1
409,Urban Rituelle 大豆香氛蠟燭 (檸檬草) 140克,"298.00","140克",Urban Rituelle,NaN,NaN,NaN,NaN,NaN,46,128.00,1
410,Salvatore Ferragamo Signorina 淡香精套裝,"1,100.00","3件裝",Salvatore Ferragamo,杏仁、荔枝,白米、玫瑰花油,牛奶慕絲、喀什米爾木,3.5,11.0,8,935.00,1
411,NaN,NaN,NaN,NaN,NaN,NaN,NaN,NaN,NaN,41,,1
416,【網店限定】Cocod’or 花園薰衣草香氛蠟燭 170克,"78.00","170克",Cocod'or,NaN,NaN,NaN,NaN,NaN,33,52.00,1
417,Tous Your Moments淡香水套裝 2件裝,"600.00","2件裝",Tous,黑莓、杏子、蜜橘及小豆蔻,茉莉花、鈴蘭和牡丹,廣藿香,3.5,34.0,6,510.00,1
419,Guess Seductive Blue淡香水 75毫升,"742.00","75毫升",Guess,梨、佛手柑,小蒼蘭、牡丹花瓣、仙客來、玫瑰水,琥珀、李子、木質香,3.5,23.0,34,631.00,1
420,【網店限定】Cocod’or 森林小屋黑金香薰 200毫升,"145.00","200毫升",Cocod'or,薑、八角,松木、柏木,廣藿香,NaN,NaN,33,129.00,1
421,Mercedes-Benz The Move Express Yourself 男士淡香水 100毫升,"715.00","100毫升",Mercedes-Benz,薄荷,菠蘿,琥珀,0.0,NaN,53,608.00,1
422,Cocod'or 檸檬香薰 200毫升,"118.00","200毫升",Cocod'or,NaN,NaN,NaN,NaN,NaN,33,79.00,1
423,Tous 經典女士香水套裝 3件套,"780.00","3件套",Tous,黑醋栗葉、紫羅蘭、佛手柑、芫荽、玫瑰木,茉莉花、黃牡丹、玫瑰、梔子花、橙花,木香、鳶尾花,NaN,NaN,6,663.00,1
424,Sanrio Hello Kitty 吊掛式香氛片 百合 3片裝,"59.00",Hello Kitty,Sanrio,NaN,NaN,NaN,0.0,NaN,58,45.00,1
425,NaN,NaN,NaN,NaN,NaN,NaN,NaN,NaN,NaN,41,,1
426,【網店限定】Skybottle 葡萄柚鈴蘭香氛保濕身體乳 300毫升,"208.00","300毫升",Skybottle,葡萄柚,鈴蘭,沉香,NaN,NaN,56,188.00,1
427,Guess UOMO淡香水 100毫升,"742.00","100毫升",Guess,葡萄柚、小荳蔻、薰衣草,藏紅花、天竺葵、鼠尾草,NaN,0.0,NaN,34,631.00,1
428,Urban Rituelle 植物保濕潤膚乳 柑桔天竺葵 500毫升,"328.00","500毫升",Urban Rituelle,NaN,NaN,NaN,NaN,NaN,46,160.00,1
429,Marina De Bourbon Cristal Royal Rose淡香精套裝 2件裝,"630.00","2件裝",Marina De Bourbon,檸檬、梨、玫瑰,桃子、紫羅蘭、小蒼蘭,雪松木、麝香、龍涎香醚,4.0,57.0,48,498.00,1
434,Hermes 大地男性淡香水 100亳升,"1,085.00",NaN,Hermès,葡萄柚、香橙,天竺葵、玫瑰、廣藿香,安息香、雪松、香根草、甜椒,NaN,NaN,17,649.00,1
430,【網店限定】Cocod’or 香氛蠟燭 迎春花140克,"78.00","130克",Cocod'or,NaN,NaN,NaN,NaN,NaN,33,52.00,1
431,【網店限定】Aromas Artesanales de Antigua 玫瑰身體霜 130毫升,"106.00","130毫升",Aromas Artesanales De Antigua,NaN,NaN,NaN,NaN,NaN,24,58.00,1
432,Rohto 樂敦Z! 冰爽抗疲潤眼液 12毫升,"59.90","12毫升",Rohto,NaN,NaN,NaN,NaN,NaN,23,55.90,1
438,Diptyque 希臘無花果香調淡香水 50毫升,"880.00",NaN,Diptyque,無花果葉、無花果,椰子、綠葉,雪松、木質香、無花果樹,NaN,NaN,59,660.00,1
440,Davidoff Cool Water 冷水男士淡香水 75毫升,"515.00",NaN,Davidoff,薄荷、草木香調、薰衣草、香菜、迷迭香,天竺葵、橙花、茉莉、檀香,雪松、麝香、琥珀、煙草,4.0,21752.0,29,149.00,1
441,Jo Malone 香水組合套裝 2件裝,"1,320.00",NaN,Jo Malone,藍風鈴,柿子,白麝香,NaN,NaN,14,829.00,1
443,【網店限定】Acqua Di Parma 藍色地中海阿瑪非無花果淡香水 75毫升,"1,370.00",NaN,Acqua Di Parma,清甜多汁的葡萄柚、香檸檬、檸檬、香櫞，果香凝聚，盪漾香甜。,微微辛辣的粉紅胡椒、茉莉、無花果，糅合剛性與柔美的香調。,NaN,NaN,NaN,31,599.00,1
444,【網店限定】Penhaligon’s 令人垂涎的公爵夫人女士淡香精 75毫升,"2,400.00",NaN,Penhaligon'S,柑橘,玫瑰,麝香木,NaN,NaN,15,1800.00,1
445,Chanel Chance Eau Tendre 香水 100毫升,"1,580.00",NaN,Chanel,NaN,玫瑰、茉莉•基調:,白麝香,4.0,12404.0,32,1348.00,1
446,Narciso Rodriguez Pure Musc For Her 淡香精 100毫升,"1,200.00",NaN,Narciso Rodriguez,麝香,茉莉花，橙花,琥珀，喀什米爾木,4.0,3529.0,5,1080.00,1
447,【網店限定】4711 血橙羅勒古龍水 50毫升,"215.00",NaN,"4711",NaN,NaN,NaN,NaN,NaN,60,172.00,1
448,【網店限定】Chloé 仙境花園系列 木蘭詩語淡香精 50毫升,"1,070.00",NaN,Chloé,NaN,NaN,NaN,NaN,NaN,64,642.00,1
540,Coach Floral 迷你淡香水 4.5毫升,"85.00",NaN,Coach,柑橘、菠蘿冰沙,牡丹、苿莉花,奶油木香,NaN,NaN,9,59.00,1
449,Narciso Rodriguez For Her 淡香水 100毫升,"1,060.00",NaN,Narciso Rodriguez,橙花、桂花、香檸檬。,麝香、琥珀。,廣藿香、香草、香根草。,4.0,15983.0,5,954.00,1
433,Le Labo Santal 33 淡香精 100毫升,"2,270.00",NaN,LE LABO,鳶尾花,紫羅蘭、荳蔻、紙莎草,龍涎香、雪松、琥珀、檀香木,4.0,20574.0,43,1816.00,1
451,NaN,NaN,NaN,NaN,NaN,NaN,NaN,NaN,NaN,41,,1
435,Le Labo Santal 33 淡香精 50毫升,"1,560.00",NaN,LE LABO,鳶尾花,紫羅蘭、荳蔻、紙莎草,龍涎香、雪松、琥珀、檀香木,NaN,NaN,43,1170.00,1
436,Le Labo Another 13淡香精 50毫升,"1,560.00",NaN,LE LABO,麝葵籽、茉莉,麝香、梨,龍涎香、苔蘚,4.0,7600.0,43,1170.00,1
442,Yves Saint Laurent Libre EDP 香水 90毫升,"1,420.00",NaN,Yves Saint Laurent (YSL),NaN,NaN,NaN,3.0,12733.0,27,888.00,1
464,Christian Dior Miss Dior Wake up for Love 香水 30毫升,"835.00",NaN,Dior,鈴蘭、牡丹、鳶尾花、翠綠露水,五月玫瑰,麝香木、巴布亞香草、安息香、零陵香豆、檀木,NaN,NaN,39,574.00,1
469,Le Labo 玫瑰31淡香精 100毫升,"2,270.00",NaN,LE LABO,玫瑰、孜然,玫瑰、香根草、雪松,乳香、烏木沉香,NaN,NaN,43,1589.00,1
457,【網店限定】Yves Saint Laurent Libre EDP 香水50毫升,"1,135.00",NaN,Yves Saint Laurent (YSL),NaN,NaN,NaN,NaN,NaN,27,794.00,1
494,Davidoff 冷泉女性香水100毫升,"710.00",NaN,Davidoff,清新的水果基調融合了柑桔、黑醋栗、鳳梨和蜜瓜的香甜果香，,伴隨著淡雅的水生植物荷花及蓮花的清香。同時俱備了動感與平靜時的喜悅。,濃郁的花香融合了五月玫瑰、茉莉，充份混合後的香味讓您的心靈更接近Cool Water Woman。更令女人柔美纖細的特質沉浮於粼粼波光中。,NaN,NaN,29,205.00,1
496,Cristiano Ronaldo CR7男士淡香水套裝 3件裝,"715.00",NaN,Cristiano Ronaldo CR7,NaN,肉桂、雪松、煙草,甜東卡豆、羊絨木、香柏木、癒創木,3.5,41.0,50,348.00,1
497,Bentley Momentum Unbreakable 男士淡香精 100毫升,"820.00",NaN,Bentley,紫羅蘭葉、橘子香、薰衣草,蠟菊、天竺葵、鳶尾花,海地香根草、紙莎草、廣藿香、Dreamwood©,0.0,NaN,11,697.00,1
498,TOUS Pink Baby 香水 100毫升,"560.00",NaN,Tous,佛手柑、橙花、覆盆子,木蘭花、櫻花、牡丹,木質香,NaN,NaN,6,476.00,1
499,Elizabeth Arden Fragrance 綠茶淡香精 30亳升,"142.00",NaN,Elizabeth Arden,NaN,NaN,NaN,NaN,NaN,66,58.00,1
502,Marina De Bourbon My Dynastie Princess 淡香精套裝 3件裝,"590.00",NaN,Marina De Bourbon,檸檬、蘋果、金橘、四季橘,白玫瑰、粉色風信子,竹子、琥珀、雪松木,0.0,NaN,48,368.00,1
503,Versace 噴式淡香水 30毫升,"490.00",NaN,Versace,NaN,NaN,NaN,NaN,NaN,62,343.00,1
504,Diptyque 維堤里歐淡香水 100毫升,"1,220.00",NaN,Diptyque,香檸檬、葡萄柚、檸檬、橘子,依蘭、玫瑰、胡蘿蔔籽、肉荳蔻、公丁香,香根草、雪松,NaN,NaN,59,899.00,1
505,Diptyque 希臘無花果香調淡香精 75毫升,"1,420.00",NaN,Diptyque,無花果葉、無花果,椰子、綠葉,雪松、無花果樹、木質香,NaN,NaN,59,989.00,1
506,Giorgio Armani My Way 香水 50毫升,"960.00",NaN,Giorgio Armani,佛手柑、橙花,晚香玉、茉莉花,雪松、香草、白麝香,4.0,19046.0,25,686.00,1
507,NaN,NaN,NaN,NaN,NaN,NaN,NaN,NaN,NaN,41,,1
508,【網店限定】Davidoff 冷泉女性香水 30毫升,"355.00",NaN,Davidoff,清新的水果基調融合了柑桔、黑醋栗、鳳梨和蜜瓜的香甜果香，,伴隨著淡雅的水生植物荷花及蓮花的清香。同時俱備了動感與平靜時的喜悅。,濃郁的花香融合了五月玫瑰、茉莉，充份混合後的香味讓您的心靈更接近Cool Water Woman。更令女人柔美纖細的特質沉浮於粼粼波光中。,NaN,NaN,29,98.00,1
1,Chanel BLEU DE CHANEL男士淡香精 100毫升,"1,150.00","100毫升",Chanel,NaN,NaN,NaN,4.0,5340.0,32,990.00,1
3,Maison Margiela 慵懶週日清晨淡香水 100毫升,"1,420.00","100毫升",Maison Margiela,鈴蘭、黃葵子,鳶尾花、玫瑰花瓣、橙花,廣藿香、白木、白麝香,NaN,NaN,61,805.00,1
4,Calvin Klein One 淡香水 100亳升,"510.00","100亳升",Calvin Klein,佛手柑、荳蔻、新鮮鳳梨、木瓜、檸檬,茉莉花、鈴蘭、玫瑰、肉荳蔻、百合、鳶尾草,麝香、琥珀、檀香、雪松、橡木苔,4.0,19341.0,65,155.00,1
6,Jo Malone 英國梨與小蒼蘭古龍水 30亳升,"670.00","30亳升",Jo Malone,英國梨,小蒼蘭,廣藿香,NaN,NaN,14,399.00,1
8,Maison Margiela 迷你淡香水禮盒 5件裝,"589.00","5件裝",Maison Margiela,粉紅胡椒、橙花、公丁香,板栗、杜松,蘇合香脂、煙草葉、香草豆,NaN,NaN,61,469.00,1
9,【網店限定】Jo Malone 青檸、羅勒與柑橘古龍水,"640.00 ~ 1,155.00",NaN,Jo Malone,柑橘、青檸,羅勒,琥珀木、檀香木、雪松木,NaN,NaN,14,396.00,1
11,【網店限定】Maison Margiela 壁爐火光淡香水 100毫升,"1,260.00","100毫升",Maison Margiela,粉紅胡椒、橙花、公丁香,板栗、杜松,香草、秘魯香脂、喀什米爾木,NaN,NaN,61,805.00,1
12,Jo Malone 英國梨與小蒼蘭古龍水 100亳升,"1,405.00","100亳升",Jo Malone,英國梨,小蒼蘭,廣藿香,NaN,NaN,14,690.00,1
510,Mercedes-Benz Ultimate 男士淡香精 120毫升,"835.00",NaN,Mercedes-Benz,薰衣草，雪松松針。,蘋果，肉豆蔻核仁，橘子。,檀木，絲柏，琥珀，廣藿香。,NaN,NaN,53,710.00,1
511,Chanel N°5 L’EAU 淡香水 100毫升,"1,580.00",NaN,Chanel,檸檬、柑橘、甜橙、乙醛,玫瑰、茉莉、依蘭依蘭,香根草、雪松、白麝香,4.0,6135.0,32,1348.00,1
512,Chanel N°5 L’EAU 淡香水 50毫升,"1,110.00",NaN,Chanel,檸檬、柑橘、甜橙、乙醛,玫瑰、茉莉、依蘭依蘭,香根草、雪松、白麝香,NaN,NaN,32,945.00,1
7,【網店限定】Tom Ford 白麝香淡香精 100毫升,"3,140.00","100毫升",TOM FORD,NaN,NaN,NaN,NaN,NaN,42,2198.00,1
10,【網店限定】Tom Ford Oud Wood 東方烏木香水 100毫升,"2,350.00","100毫升",TOM FORD,小豆蔻、粉紅胡椒、柑橘,香根草、東加豆、廣藿香,烏木、琥珀、麝香,4.5,31073.0,42,1880.00,1
517,Jo Malone 藍風鈴古龍水 9毫升,"265.00",NaN,Jo Malone,藍風鈴、丁香,茉莉、鈴蘭、野玫瑰,麝香、琥珀,NaN,NaN,14,135.00,1
518,Bvlgari 晶澈女香 65毫升,"1,000.00",NaN,Bvlgari,NaN,NaN,NaN,NaN,NaN,13,550.00,1
370,Mercedes-Benz Man男士淡香水套裝 2件裝,"920.00","2件裝",Mercedes-Benz,梨子、麝香錦葵,天竺葵、雪松葉,苔蘚、花梨木,NaN,NaN,53,782.00,1
519,【網店限定】Loewe 獨奏宣言淡香精 3件裝,"1,663.00",NaN,Loewe,NaN,白木、紫羅蘭、茉莉，茶香悠長和讓人回味無窮；尾調是琥珀、雪松，成熟與稚嫩的角質，感受沉穩的木質香氣。,海地香根草、印度檀香、麝香,NaN,NaN,55,785.00,1
520,Salvatore Ferragamo Intense Leather 男士淡香精 100毫升,"865.00",NaN,Salvatore Ferragamo,粉紅胡椒，鼠尾草，柑橘,紅蘋果，鳶尾花，山谷百合,橡苔，皮革，麝香,3.5,17.0,8,779.00,1
521,Fresh 西柚果香身體潤膚乳 300毫升,"260.00",NaN,Fresh,NaN,NaN,NaN,NaN,NaN,3,165.00,1
158,NaN,NaN,NaN,NaN,NaN,NaN,NaN,NaN,NaN,41,,1
215,NaN,NaN,NaN,NaN,NaN,NaN,NaN,NaN,NaN,41,,1
261,NaN,NaN,NaN,NaN,NaN,NaN,NaN,NaN,NaN,41,,1
470,NaN,NaN,NaN,NaN,NaN,NaN,NaN,NaN,NaN,41,,1
530,NaN,NaN,NaN,NaN,NaN,NaN,NaN,NaN,NaN,41,,1
522,Marina De Bourbon My Dynastie Princess EDP 淡香精 30毫升,"440.00",NaN,Marina De Bourbon,檸檬、蘋果、金橘、四季橘,白玫瑰、粉色風信子,竹子、琥珀、雪松木,NaN,NaN,48,374.00,1
523,【網店限定】Maison Margiela 花卉市場淡香水 100毫升,"1,150.00",NaN,Maison Margiela,綠葉、小蒼蘭、森巴茉莉,埃及茉莉、晚香玉、格拉斯玫瑰,桃、雪松木、橡苔,NaN,NaN,61,805.00,1
524,Salvatore Ferragamo 玄魅伊人女士香水 5毫升,"69.00",NaN,Salvatore Ferragamo,黑莓，橙花油,晚香玉，橙花,廣藿香，牛奶慕斯，黑香草果殼,3.5,1020.0,8,59.00,1
525,Chanel 白金男士淡香水 100毫升,"990.00",NaN,Chanel,迷迭香、薰衣草,白松香、茉莉,木質花香調,NaN,NaN,32,828.00,1
526,Burberry 駿勇之心淡香水 100毫升,"950.00",NaN,Burberry,香檸檬,杜松子、黑胡椒,北非雪松、喜馬拉雅雪松、佛吉尼亞雪松,NaN,NaN,20,618.00,1
527,Gucci Flora Gorgeous Jasmine淡香精套裝 2件裝,"1,000.00",NaN,Gucci,柑橘、佛手柑、黑胡椒,大花茉莉精粹、木蘭、茉莉精粹、玫瑰香氣,安息香提取物、廣藿香,3.5,1022.0,22,660.00,1
528,【網店限定】Moschino Toy Boy泰迪熊男士香水 30毫升,"410.00",NaN,Moschino,香檸檬、粉紅漿果、梨,公丁香、玫瑰、木蘭,香根草、檀香木、琥珀,3.5,629.0,10,328.00,1
529,Chanel 邂逅噴式淡香水 50毫升,"920.00",NaN,Chanel,風信子、白麝香,粉紅胡椒、茉莉、香根草、柑橘,鳶尾花、琥珀、廣藿香,NaN,NaN,32,788.00,1
531,Anna Sui Sundae Violet Vibe淡香水 50毫升,"550.00",NaN,Anna Sui,草莓奶油、檸檬皮、黑醋栗花蜜,紅蘋果花、茉莉花,粉色棉花糖,NaN,NaN,26,440.00,1
532,Anna Sui Sundae Pretty Pink淡香水 50毫升,"550.00",NaN,Anna Sui,紅柚、柑橘、羅勒,貝裡尼雞尾酒、梅花、藍色仙客來,薔薇木、琥珀,NaN,NaN,26,440.00,1
533,Chanel 邂逅噴式香露 綠色氣息版 100毫升,"1,290.00",NaN,Chanel,NaN,NaN,NaN,NaN,NaN,32,1098.00,1
534,【網店限定】Skybottle 無花果香氛保濕身體乳 300毫升,"208.00",NaN,Skybottle,無花果果實,翠綠樹葉,木質香,NaN,NaN,56,188.00,1
535,Cristiano Ronaldo CR7 Game On淡香水套裝 3件裝,"605.00",NaN,Cristiano Ronaldo CR7,番木瓜、蘋果、小荳寇碎冰,欖香機脂、紫羅蘭、薰衣草,杜松漿果、喀什米爾木、雪松木、零陵香豆、癒創木,2.5,11.0,50,515.00,1
536,Chanel N°5淡香水 100毫升,"1,290.00",NaN,Chanel,NaN,NaN,NaN,NaN,NaN,32,1098.00,1
538,Diptyque 限量版杜桑淡香水 100毫升,"1,220.00",NaN,Diptyque,非洲橙子花、玫瑰和鸢尾,晚香玉、粉色胡椒,安息香、麝香,NaN,NaN,59,976.00,1
539,Versace 噴式淡香水 30毫升,"460.00",NaN,Versace,檸檬 橙花油 香檸檬 玫瑰,風信子 鼠尾草 雪松 老鸛草,零陵香豆 麝香 琥珀,NaN,NaN,62,322.00,1
541,Moschino Toy 2 Bubble Gum女士淡香水 30毫升,"380.00",NaN,Moschino,泡泡糖、柑橘蜜餞、意大利香橙、肉桂、黑加侖子,薑粉、保加利亞玫瑰、香桃、桃花,雪松木、龍涎香醚、麝香,3.5,178.0,10,304.00,1
542,Marina De Bourbon Royal Style Princesse 淡香精 30毫升,"440.00",NaN,Marina De Bourbon,黑醋栗、佛手柑及梨,茉莉花、玫瑰、梨花,木質調,NaN,NaN,48,374.00,1
543,Marina De Bourbon My Dynastie Princess EDP 淡香精 100毫升,"690.00",NaN,Marina De Bourbon,檸檬、蘋果、金橘、四季橘,白玫瑰、粉色風信子,竹子、琥珀、雪松木,0.0,NaN,48,587.00,1
556,Urban Rituelle 精油配方香薰組合 檸檬草 220毫升,"368.00",NaN,Urban Rituelle,NaN,NaN,NaN,NaN,NaN,46,168.00,1
545,【網店限定】Cocod’or 玫瑰香薰 100毫升,"94.00",NaN,Cocod'or,草、五月玫瑰,土耳其玫瑰、保加利亞玫瑰、紫羅蘭葉,白松香、檀香木、木香,NaN,NaN,33,75.00,1
546,Jurlique 玫瑰身體乳 300毫升,"350.00",NaN,Jurlique,NaN,NaN,NaN,NaN,NaN,40,198.00,1
547,【網店限定】Cocod’or 森林系列黑櫻桃香薰 120毫升,"102.00",NaN,Cocod'or,青蘋果、黑櫻桃、柑橘,茉莉花、天芥菜,焦糖餅、香草奶油,NaN,NaN,33,66.00,1
548,Gucci Bloom禮品套裝 2件裝,"965.00",NaN,Gucci,茉莉。,晚香玉。,使君子。,4.0,12308.0,22,590.00,1
537,Hermes 絲意淡香精套裝 2件裝,"985.00",NaN,Hermès,生薑,晚香玉,檀香,NaN,NaN,17,689.00,1
569,【網店限定】Cocod’or White Label 擴香瓶 芒果茉莉 200毫升,"125.00",NaN,Cocod'or,芒果、黑莓,白茉莉、茉莉葉、蜂蜜、鈴蘭,香草、木質香調,NaN,NaN,33,99.00,1
570,【網店限定】Naturally European 玫瑰花瓣香熏蠟燭 200克,"198.00",NaN,Naturally European,NaN,NaN,NaN,NaN,NaN,2,129.00,1
572,Fresh 淨糖檸檬身體潤膚乳 300毫升,"260.00",NaN,Fresh,NaN,NaN,NaN,NaN,NaN,3,165.00,1
573,NaN,NaN,NaN,NaN,NaN,NaN,NaN,NaN,NaN,41,,1
574,【網店限定】Naturally European 玫瑰花瓣香氛身體乳 500毫升,"158.00",NaN,Naturally European,NaN,NaN,NaN,NaN,NaN,2,95.00,1
575,【網店限定】Cocod’or 經典擴香瓶 清新微風 200毫升,"118.00",NaN,Cocod'or,柑橘、檸檬,百合、洗衣香、天芥菜,白麝香、香草,NaN,NaN,33,79.00,1
576,Elizabeth Arden Fragrance 綠茶香氛身體乳 200毫升,"142.00",NaN,Elizabeth Arden,NaN,NaN,NaN,4.0,11813.0,66,56.00,1
22,Christian Dior Miss Dior Blooming Bouquet 淡香水 50毫升,"925.00","50毫升",Dior,香豌豆、香檸檬,玫瑰、牡丹,白麝香,0.0,NaN,39,675.00,1
26,Christian Dior J’adore Infinissime 淡香精 100毫升,"1,700.00","100毫升",Dior,血橙、佛手柑,格拉斯晚香玉、雙瓣茉莉、依蘭依蘭及五月玫瑰,檀香木,3.5,225.0,39,1159.00,1
27,Christian Dior 真我香水 5毫升,"140.00","5毫升",Dior,NaN,NaN,NaN,NaN,NaN,39,98.00,1
20,Hermes 迷你香水套裝 4件裝,"560.00","4件裝",Hermès,生姜,尼羅河睡蓮、青草香氣、茉莉,梧桐、乳香,NaN,NaN,17,425.00,1
30,【網店限定】Hermes 尼羅河花園淡香水 15毫升,"283.00","15毫升",Hermès,NaN,NaN,NaN,NaN,NaN,17,189.00,1
29,【網店限定】TOM FORD Oud Wood 東方烏木香水 50毫升,"1,770.00","50毫升",TOM FORD,小豆蔻、辣椒,香根草、雪松,烏木、麝香,4.5,31073.0,42,1239.00,1
13,Jo Malone Wild Bluebell 藍風鈴古龍水 100亳升,"1,405.00","100毫升",Jo Malone,藍風鈴、丁香,茉莉、鈴蘭、野玫瑰,麝香、琥珀,4.0,31372.0,14,650.00,1
14,Jo Malone 鼠尾草與海鹽古龍水 100亳升,"1,405.00","100亳升",Jo Malone,NaN,NaN,NaN,NaN,NaN,14,690.00,1
16,Jo Malone 精緻經典古龍水套裝 2022限量版 5件裝,"1,110.00","5件裝",Jo Malone,英國梨,小蒼蘭,胭紅麂絨,NaN,NaN,14,645.00,1
17,Byredo 無人區玫瑰香水 50毫升,"1,550.00","50毫升",Byredo,粉紅胡椒、土耳其玫瑰,覆盆莓花、土耳其玫瑰原精,紙莎草、白琥珀,NaN,NaN,35,1038.00,1
18,Chloé 歌露兒香水噴霧 75毫升,"1,250.00","75毫升",Chloé,粉紅牡丹，小蒼蘭，荔枝,木蘭花，鈴蘭和玫瑰,雪松，琥珀，蜂蜜,NaN,NaN,64,625.00,1
19,Diptyque 譚道淡香水 100毫升,"1,220.00","100毫升",Diptyque,玫瑰、桃金娘和意大利丝柏,檀木、雪松,香辛料、琥珀、白麝香和蔷薇木,NaN,NaN,59,899.00,1
25,Chanel Bleu De Chanel男士香精 100毫升,"1,300.00","100毫升",Chanel,NaN,NaN,NaN,4.0,5340.0,32,1170.00,1
32,Burberry Weekend 女士淡香精 100毫升,"1,070.00","100毫升",Burberry,柑橘、綠野甘香，多種綠葉,野玫瑰、鳳梨花、風信子、油桃,柏木、檀香木、麝香,3.5,1549.0,20,321.00,1
46,Diptyque 玫瑰之水淡香精 75毫升,"1,420.00","75毫升",Diptyque,NaN,NaN,NaN,NaN,NaN,59,989.00,1
68,Chanel Bleu de Chanel 男士香水 50毫升,"820.00","50毫升",Chanel,檸檬、西柚、粉紅胡椒,生薑、茉莉,雪松、檀木、琥珀、廣藿香,4.0,5340.0,32,715.00,1
69,Gucci 迷你淡香精套裝 4件裝,"595.00","4件裝",Gucci,紅莓果,白色梔子花、赤素馨花,廣藿香、黃糖香,NaN,NaN,22,359.00,1
71,Calvin Klein Be 淡香水 200亳升,"700.00","200亳升",Calvin Klein,NaN,NaN,NaN,4.0,7421.0,65,209.00,1
73,【網店限定】4711 白桃芫荽古龍水 50毫升,"215.00","50毫升","4711",NaN,NaN,NaN,NaN,NaN,60,199.00,1
74,Lancome 奇蹟噴式香水 100亳升,"890.00","100亳升",Lancôme,荔枝、小蒼蘭和紅胡椒子,牡丹、突厥薔薇、木蘭花、波旁胡椒、薑,茉莉、麝香、廣藿香、琥珀,NaN,NaN,18,590.00,1
105,Burberry 粉紅風格淡香水 100亳升,"1,070.00","100毫升",Burberry,NaN,NaN,NaN,NaN,NaN,20,321.00,1
107,Bvlgari 男士迷你香水套裝 4件裝,"500.00","4件裝",Bvlgari,大吉嶺茶。,愈創木、豆蔻。,木質香、透明琥珀。,NaN,NaN,13,350.00,1
108,Gucci Bloom 淡香水 50毫升,"850.00","50毫升",Gucci,橙花香調，檸檬精油，柑橘精油，佛手柑精油,花香香調(茉莉花蕾)，晚香玉，使君子，橙花,檀香木調，日曬木質芳香，鳶尾草，安息香，麝香,NaN,NaN,22,500.00,1
109,Diptyque 漿果香氛蠟燭 190克,"560.00","190克",Diptyque,NaN,NaN,NaN,NaN,NaN,59,448.00,1
111,Diptyque 杜桑淡香精 75毫升,"1,420.00","75毫升",Diptyque,非洲橙子花、玫瑰和鸢尾,晚香玉、粉色胡椒,安息香、麝香,NaN,NaN,59,989.00,1
112,【網店限定】Maison Margiela 爵士俱樂部淡香水 100毫升,"1,150.00","100毫升",Maison Margiela,臻選檸檬、粉紅胡椒、橙花精油,鼠尾草、朗姆、岩蘭草,蘇合香脂、煙草葉、香草豆,NaN,NaN,61,805.00,1
149,Hermes 大地男士香水沐浴凝露套装 2件裝,"1,200.00","2件裝",Hermès,NaN,天竺葵、玫瑰、廣藿香。,NaN,NaN,NaN,17,699.00,1
143,Gucci Bloom 淡香水100毫升,"1,145.00","100毫升",Gucci,甜橙花、香檸檬,晚香玉、茉莉、使君子,木質香,4.0,12308.0,22,670.00,1
145,【網店限定】4711 紅胡椒葡萄柚古龍水 50毫升,"215.00","50毫升","4711",NaN,NaN,西柚、胡椒。,NaN,NaN,60,129.00,1
157,Versace 噴式淡香水 100毫升,"780.00","100毫升",Versace,NaN,NaN,NaN,NaN,NaN,62,546.00,1
179,【網店限定】L’OCCITANE 櫻花身體護理套裝 3件裝,"525.00","3件裝",L'OCCITANE,NaN,NaN,NaN,NaN,NaN,7,298.00,1
182,Chanel Chance 香水 100毫升,"1,580.00","100毫升",Chanel,NaN,NaN,NaN,NaN,NaN,32,1348.00,1
309,Abercrombie & Fitch Away 女士香水 100毫升,"830.00","100毫升",Abercrombie & Fitch,NaN,NaN,NaN,0.0,NaN,57,706.00,1
219,【網店限定】Burberry London 男士淡香水 30毫升,"333.00","30毫升",Burberry,香檸檬、薰衣草、肉桂,怕羞草、皮革,菸葉、橡木苔蘚,4.5,15027.0,20,193.00,1
220,Burberry 倫敦男用淡香水噴霧,"560.00 ~ 780.00",NaN,Burberry,薰衣草、彿手柑、肉桂,含羞草、皮革,愈傷草、煙草葉、愈創木、橡苔,NaN,NaN,20,252.00,1
257,Salvatore Ferragamo Signorina Eleganza 女士香水 100 毫升,"1,050.00","100毫升",Salvatore Ferragamo,葡萄柚、梨,桂花、杏仁,廣藿香、皮革,4.0,270.0,8,945.00,1
296,Sabon 玫瑰花茶身體潤膚乳液 200毫升,"290.00","200毫升",Sabon,NaN,NaN,NaN,NaN,NaN,28,217.00,1
297,Trussardi Uomo 男士淡香水套裝 2件裝,"920.00","2件裝",Trussardi,檸檬、白松香,天竺葵、紫羅蘭,廣藿香、苔蘚,3.5,422.0,63,782.00,1
371,NaN,NaN,NaN,NaN,NaN,NaN,NaN,NaN,NaN,41,,1
412,【網店限定】Cocod’or 香氛蠟燭 黑櫻桃 140克,"78.00","130克",Cocod'or,NaN,NaN,NaN,NaN,NaN,33,52.00,1
413,Swiss Army For Her Ginger Lily 淡香水 100毫升,"620.00","100毫升",Swiss Army,天竺葵、生薑,山谷百合、薔薇花,軟木,NaN,NaN,21,527.00,1
414,【網店限定】Teaology 茉莉花茶緊緻保濕身體乳 300毫升,"350.00","300毫升",Teaology,NaN,NaN,NaN,NaN,NaN,38,160.00,1
415,Elizabeth Arden 綠茶荔枝青檸蜜滴潤膚霜 500毫升,"283.00","500毫升",Elizabeth Arden,NaN,NaN,NaN,0.0,NaN,66,168.00,1
418,NaN,NaN,NaN,NaN,NaN,NaN,NaN,NaN,NaN,41,,1
453,Marina De Bourbon Cristal Royal Rose 女士淡香水 30亳升,"440.00",NaN,Marina De Bourbon,玫瑰、檸檬、梨,紫羅蘭、桃、小蒼蘭,雪松、麝香、龍涎香醚,4.0,57.0,48,374.00,1
454,【網店限定】Giorgio Armani My Way 香水 30毫升,"685.00",NaN,Giorgio Armani,佛手柑、橙花,晚香玉、茉莉花,雪松、香草、白麝香,4.0,19046.0,25,469.00,1
474,NaN,NaN,NaN,NaN,NaN,NaN,NaN,NaN,NaN,41,,1
456,Christian Dior J’adore 淡香水 50亳升,"900.00",NaN,Dior,血橙精華,瓦洛里橙花,大馬士革玫瑰精華,NaN,NaN,39,616.00,1
455,Swiss Army Wood 香水 100毫升,"572.00",NaN,Swiss Army,檸檬精華、鼠尾草,胡桃木香調、木質香,樹苔淨油、安息香,NaN,NaN,21,486.00,1
458,【網店限定】Bvlgari 白茶古龍水 75毫升,"825.00",NaN,Bvlgari,NaN,NaN,麝香、木質琥珀,NaN,NaN,13,619.00,1
460,【網店限定】Calvin Klein IN2U女士淡香水 100毫升,"445.00",NaN,Calvin Klein,葡萄柚,糖蘭,琥珀,3.5,1013.0,65,146.00,1
461,Elizabeth Arden 白茶野玫瑰香水 100毫升,"500.00",NaN,Elizabeth Arden,梨樹花、白茶、紅醋栗、玫瑰草,保加利亞玫瑰、土耳其玫瑰、嫣紅牡丹、快樂鼠尾草,琥珀、麝香、巴拉圭瑪黛茶、零陵香豆,NaN,NaN,66,288.00,1
463,【網店限定】Maison Margiela Replica 慵懶週日清晨蠟燭 165克,"620.00",NaN,Maison Margiela,鈴蘭、黃葵子,鳶尾花、玫瑰花瓣、橙花,廣藿香、白木,NaN,NaN,61,465.00,1
465,Diptyque 譚道淡香精 75毫升,"1,420.00",NaN,Diptyque,NaN,NaN,NaN,NaN,NaN,59,989.00,1
466,Marina De Bourbon Cristal Royal 香水 100毫升,"760.00",NaN,Marina De Bourbon,NaN,NaN,NaN,4.0,57.0,48,647.00,1
467,【網店限定】Atelier Cologne 無極烏龍香水 30毫升,"625.00",NaN,Atelier Cologne,意大利佛手柑,烏龍茶葉,中美洲癒創木,4.0,26984.0,36,406.00,1
468,Maison Margiela 雨後初晴淡香水 100毫升,"1,420.00",NaN,Maison Margiela,佛手柑油，植物萃取，粉紅胡椒精華。,海洋香調，玫瑰花精華，茉莉。,松針油，廣藿香,NaN,NaN,61,749.00,1
462,Christian Dior Miss Dior Wake up for Love 香水 100毫升,"1,600.00",NaN,Dior,鈴蘭、牡丹、鳶尾花、翠綠露水,五月玫瑰,麝香木、巴布亞香草、安息香、零陵香豆、檀木,NaN,NaN,39,1085.00,1
459,【網店限定】Le Labo 紅茶29淡香精 50毫升,"1,770.00",NaN,LE LABO,香檸檬、無花果、月桂葉,香根草、雪松,乾草,NaN,NaN,43,1328.00,1
476,Christian Dior Miss Dior Blooming Bouquet 淡香水套裝 3件裝,"1,312.00",NaN,Dior,香豌豆、香檸檬,玫瑰、牡丹,白麝香,4.0,9072.0,39,779.00,1
480,Christian Dior Sauvage 香精 60毫升,"960.00",NaN,Dior,柑橘,陵香豆、檀香木,NaN,NaN,NaN,39,705.00,1
482,Christian Dior Miss Dior Rose N’Roses 走珠淡香水 20毫升,"430.00",NaN,Dior,NaN,NaN,NaN,NaN,NaN,39,299.00,1
478,Le Labo 紅茶29淡香精 100毫升,"2,270.00",NaN,LE LABO,香檸檬、無花果、月桂葉,香根草、雪松,乾草,NaN,NaN,43,1589.00,1
471,Chanel COCO MADEMOISELLE 淡香水 100毫升,"1,290.00",NaN,Chanel,西西里橙、卡拉布里亞佛手柑。,晨間玫瑰、茉莉。,廣藿香、海地香根草、留尼汪香草、白麝香。,4.0,12469.0,32,1098.00,1
472,Salvatore Ferragamo Signorina In Fiore 迷你女性淡香水噴霧 5亳升,"69.00",NaN,Salvatore Ferragamo,石榴、日本雪梨,茉莉花、櫻花,檀香、白麝香,4.0,241.0,8,59.00,1
473,【網店限定】Diptyque 玫瑰香氛蠟燭 190克,"560.00",NaN,Diptyque,NaN,NaN,NaN,NaN,NaN,59,448.00,1
475,【網店限定】Foellie 私密處護理香氛香水 紫丁香 5毫升,"70.00",NaN,Foellie,NaN,NaN,NaN,NaN,NaN,44,60.00,1
477,Anna Sui 迷你淡香水套裝 5件裝,"415.00",NaN,Anna Sui,NaN,NaN,NaN,NaN,NaN,26,332.00,1
479,Gucci 罪愛女士淡香水 90毫升,"1,040.00",NaN,Gucci,粉紅胡椒、柑橘,紫丁香、天竺葵,廣藿香油、琥珀,NaN,NaN,22,588.00,1
481,NaN,NaN,NaN,NaN,NaN,NaN,NaN,NaN,NaN,41,,1
483,Diptyque 影中之水淡香精 75毫升,"1,420.00",NaN,Diptyque,玫瑰、黑醋栗葉、黑醋栗,香檸檬、 橘子,龍涎香、麝香,NaN,NaN,59,989.00,1
484,Marina De Bourbon Tendre Reverence 香水,"420.00 ~ 680.00",NaN,Marina De Bourbon,NaN,NaN,NaN,3.5,22.0,48,336.00,1
485,Chanel Bleu De Chanel 男士淡香水 50毫升,"710.00",NaN,Chanel,柑橘香調、香根草、粉紅胡椒,葡萄柚、乾燥的乾雪松、勞丹脂,乳香、生薑、檀香木,4.0,5340.0,32,620.00,1
486,Chloé 淡香精套裝 2件裝,"648.00",NaN,Chloé,牡丹、荔枝、小蒼蘭。,玫瑰花瓣、木蘭。,琥珀。,NaN,NaN,64,399.00,1
488,【網店限定】Coach 淡香水 30毫升,"420.00",NaN,Coach,梨、葡萄柚、橘子,玫瑰、苿莉,木質香,NaN,NaN,9,336.00,1
489,【網店限定】4711 經典古龍水 150毫升,"289.00",NaN,"4711",檸檬、柳丁、佛手柑,薰衣草、迷迭香,橙花、苦橙葉,NaN,NaN,60,174.00,1
490,Abercrombie & Fitch Away 男士淡香水 100毫升,"830.00",NaN,Abercrombie & Fitch,NaN,NaN,NaN,0.0,NaN,57,706.00,1
491,【網店限定】Chloé Nomade淡香水50毫升,"835.00",NaN,Chloé,荔枝果,小蒼蘭,NaN,NaN,NaN,64,579.00,1
492,NaN,NaN,NaN,NaN,NaN,NaN,NaN,NaN,NaN,41,,1
493,Diptyque 無花果香氛蠟燭 190克,"560.00",NaN,Diptyque,NaN,NaN,NaN,NaN,NaN,59,448.00,1
495,Chloé Signature 淡香精套裝 2件裝,"1,160.00",NaN,Chloé,牡丹、荔枝、小蒼蘭。,玫瑰花瓣、木蘭。,琥珀、木質香。,NaN,NaN,64,599.00,1
514,Moschino Toy 2 Bubble Gum女士淡香水 100毫升,"730.00",NaN,Moschino,泡泡糖、柑橘蜜餞、意大利香橙、肉桂、黑加侖子,薑粉、保加利亞玫瑰、香桃、桃花,雪松木、龍涎香醚、麝香,3.5,178.0,10,584.00,1
515,Trussardi Pink Marina淡香水 100毫升,"894.00",NaN,Trussardi,粉红葡萄柚、西瓜冰沙、檸檬,橙花、海百合、海鹽,檀香、雪松、廣藿香,3.5,534.0,63,805.00,1
549,Anna Sui Sundae Mellow Yellow淡香水 50毫升,"550.00",NaN,Anna Sui,檸檬、百香果、山桃,桂花、海棠花、茉莉,香草、梅花木,NaN,NaN,26,440.00,1
550,Anna Sui 築夢天馬淡香水 5毫升,"62.00",NaN,Anna Sui,NaN,NaN,NaN,NaN,NaN,26,59.00,1
551,Anna Sui 粉翼天馬淡香水 5毫升,"62.00",NaN,Anna Sui,NaN,NaN,NaN,NaN,NaN,26,59.00,1
552,NaN,NaN,NaN,NaN,NaN,NaN,NaN,NaN,NaN,41,,1
553,Halloween 淡香水 100毫升,"554.00",NaN,Halloween,青檸、香蕉、紫羅蘭,晚香玉玉蘭、粉紅胡椒,香草。,NaN,NaN,45,398.00,1
554,【網店限定】 Cocod’or 法國薰衣草香薰 100毫升,"94.00",NaN,Cocod'or,佛手柑、青檸、留蘭香、蘋果,薰衣草、百里香,麝香,NaN,NaN,33,65.00,1
555,【網店限定】Naturally European英國梨與小蒼蘭香氛身體乳 500毫升,"158.00",NaN,Naturally European,NaN,NaN,NaN,NaN,NaN,2,95.00,1
557,L’OCCITANE 馬鞭草潤膚露 250毫升,"260.00",NaN,L'OCCITANE,NaN,NaN,NaN,NaN,NaN,7,168.00,1
558,Diptyque 晚香玉香氛蠟燭 190克,"560.00",NaN,Diptyque,NaN,NaN,NaN,NaN,NaN,59,399.00,1
559,TOUS Oh! The Origin 女士淡香水 100毫升,"850.00",NaN,Tous,梨、野玫瑰、綠色柑橘,雪松、土耳其玫瑰,安息香、香草,3.5,220.0,6,388.00,1
560,Lancome 奇蹟噴式香水 50亳升,"660.00",NaN,Lancôme,荔枝、小蒼蘭和紅胡椒子,牡丹、突厥薔薇、木蘭花、波旁胡椒、薑,茉莉、麝香、廣藿香、琥珀,NaN,NaN,18,488.00,1
561,Lancome 奇蹟噴式香水 30亳升,"480.00",NaN,Lancôme,荔枝、小蒼蘭和紅胡椒子,牡丹、突厥薔薇、木蘭花、波旁胡椒、薑,茉莉、麝香、廣藿香、琥珀,NaN,NaN,18,299.00,1
562,Sanrio Kuromi 吊掛式香氛片 白麝香 3片裝,"59.00",NaN,Sanrio,NaN,NaN,NaN,0.0,NaN,58,45.00,1
563,Coach 迷你淡香水 4.5毫升,"62.00",NaN,Coach,梨、葡萄柚、橘子,玫瑰、苿莉,木質香,NaN,NaN,9,59.00,1
564,Coach Dreams Sunset 迷你淡香精 4.5毫升,"63.00",NaN,Coach,梨沙冰、香檸檬,沙巴茉莉、玉蘭,香草、零陵香豆,4.0,32.0,9,59.00,1
565,NaN,NaN,NaN,NaN,NaN,NaN,NaN,NaN,NaN,41,,1
566,NaN,NaN,NaN,NaN,NaN,NaN,NaN,NaN,NaN,41,,1
567,Marina De Bourbon Royal Style Princesse香水 7.5毫升,"65.00",NaN,Marina De Bourbon,黑醋栗、佛手柑及梨,茉莉花、玫瑰、梨花,麝香、雪松、檀香木,0.0,NaN,48,58.00,1
568,NaN,NaN,NaN,NaN,NaN,NaN,NaN,NaN,NaN,41,,1
571,Fresh 香檳葡萄身體潤膚乳 300毫升,"260.00",NaN,Fresh,NaN,NaN,NaN,NaN,NaN,3,165.00,1
